complaint_id,text_description,issue_type,department,priority,latitude,longitude,status,created_time,created_date
COMP_00001,Road surface damaged at Koramangala,roads,BBMP Roads,Medium,12.94929315,77.61334023,In Progress,09:59:00,2065-12-07
COMP_00002,Transformer issue reported at Yelahanka,electricity,BESCOM,High,13.05010355,77.62689499,In Progress,00:15:26,2023-03-05
COMP_00003,Power outage in Jayanagar for 2 days,electricity,BESCOM,High,13.05668944,77.51277271,Pending,20:20:47,2028-09-25
COMP_00004,No water supply in Jayanagar since 3 days,water,BWSSB,High,12.89795049,77.65269974,In Progress,08:15:15,2027-07-02
COMP_00005,Broken water pipe flooding street at Koramangala,water,BWSSB,Critical,12.90875466,77.51494346,In Progress,18:00:57,2077-06-16
COMP_00006,Electric pole damaged near BTM Layout,electricity,BESCOM,High,13.02851174,77.55698729,Pending,07:10:49,2024-04-27
COMP_00007,Waste scattered on road at Whitefield,garbage,BBMP Sanitation,High,12.9265462,77.57432068,Pending,22:37:17,2050-10-11
COMP_00008,Waste scattered on road at Jayanagar,garbage,BBMP Sanitation,Medium,12.90461714,77.57305056,Pending,02:30:08,2037-10-05
COMP_00009,Illegal garbage dumping near Indiranagar,garbage,BBMP Sanitation,Medium,12.9375837,77.56807189,Pending,16:01:36,2037-01-10
COMP_00010,Electric pole damaged near Indiranagar,electricity,BESCOM,High,12.94843284,77.52987022,In Progress,10:51:53,2030-07-01
COMP_00011,Overflowing dustbin at Jayanagar,garbage,BBMP Sanitation,Medium,12.97260906,77.62596074,Pending,15:42:30,2026-11-28
COMP_00012,Power outage in MG Road for 8 days,electricity,BESCOM,High,12.98092661,77.65019473,Pending,15:51:28,2057-07-23
COMP_00013,Power outage in Jayanagar for 10 days,electricity,BESCOM,Critical,13.00709507,77.60033141,In Progress,03:24:49,2073-10-18
COMP_00014,Street lights not working at Jayanagar,electricity,BESCOM,High,12.98224066,77.69422528,Pending,22:31:38,2037-01-17
COMP_00015,Water contamination issue at MG Road,water,BWSSB,High,12.94614422,77.6903867,Pending,00:11:15,2091-02-19
COMP_00016,Transformer issue reported at Yelahanka,electricity,BESCOM,High,12.93348992,77.63044612,In Progress,18:55:37,2046-09-03
COMP_00017,Large pothole near MG Road causing traffic issues,roads,BBMP Roads,High,13.03244964,77.54814828,Pending,21:34:31,2040-03-10
COMP_00018,Garbage not collected at Malleshwaram for 3 days,garbage,BBMP Sanitation,Medium,12.9824401,77.68405126,Pending,13:06:30,2033-03-04
COMP_00019,Street lights not working at Malleshwaram,electricity,BESCOM,High,12.93174717,77.52769058,In Progress,04:03:03,2026-02-09
COMP_00020,Waste scattered on road at MG Road,garbage,BBMP Sanitation,High,13.0045673,77.65806981,Pending,08:23:50,2049-01-29
COMP_00021,Illegal garbage dumping near Koramangala,garbage,BBMP Sanitation,High,12.98326842,77.51898669,In Progress,20:10:53,2037-01-26
COMP_00022,Overflowing dustbin at BTM Layout,garbage,BBMP Sanitation,Medium,13.06867891,77.64599952,In Progress,20:05:42,2072-01-18
COMP_00023,Electric pole damaged near Whitefield,electricity,BESCOM,Critical,12.87548936,77.60151898,In Progress,06:59:49,2101-09-02
COMP_00024,Transformer issue reported at Koramangala,electricity,BESCOM,Critical,12.88605814,77.51154869,In Progress,17:22:26,2056-07-09
COMP_00025,Broken water pipe flooding street at Whitefield,water,BWSSB,High,12.88637627,77.59309189,Pending,10:35:29,2089-05-03
COMP_00026,Garbage not collected at Yelahanka for 3 days,garbage,BBMP Sanitation,Medium,12.90479544,77.63244821,In Progress,21:35:48,2079-12-14
COMP_00027,Large pothole near BTM Layout causing traffic issues,roads,BBMP Roads,Medium,12.97031544,77.62707775,In Progress,02:24:13,2061-01-13
COMP_00028,Garbage not collected at BTM Layout for 1 days,garbage,BBMP Sanitation,Medium,12.98406385,77.66191239,In Progress,20:36:05,2040-11-13
COMP_00029,Water contamination issue at Malleshwaram,water,BWSSB,High,13.04075184,77.66786402,In Progress,16:11:07,2049-12-13
COMP_00030,Broken water pipe flooding street at Koramangala,water,BWSSB,Critical,12.94836555,77.66595958,In Progress,11:02:59,2047-03-02
COMP_00031,Electric pole damaged near Koramangala,electricity,BESCOM,Critical,13.05983165,77.4987574,In Progress,12:39:12,2026-12-30
COMP_00032,Electric pole damaged near Jayanagar,electricity,BESCOM,Critical,12.94220347,77.58225856,Pending,16:36:46,2037-10-02
COMP_00033,Power outage in Malleshwaram for 10 days,electricity,BESCOM,Critical,12.92285255,77.6918265,Pending,10:55:05,2029-10-24
COMP_00034,Transformer issue reported at Indiranagar,electricity,BESCOM,Critical,13.06299922,77.60903344,In Progress,22:45:01,2076-10-08
COMP_00035,Water contamination issue at Yelahanka,water,BWSSB,High,12.95962613,77.51376267,In Progress,03:33:01,2089-12-21
COMP_00036,Water leakage reported at BTM Layout,water,BWSSB,High,13.02179414,77.63684661,Pending,12:58:46,2087-04-17
COMP_00037,Water leakage reported at Jayanagar,water,BWSSB,High,12.92565682,77.5660655,In Progress,10:59:58,2086-12-09
COMP_00038,Electric pole damaged near Jayanagar,electricity,BESCOM,Critical,12.94183827,77.63250683,Pending,21:35:30,2033-07-12
COMP_00039,Water contamination issue at BTM Layout,water,BWSSB,High,12.96561419,77.68884747,In Progress,07:38:26,2076-07-15
COMP_00040,Large pothole near Whitefield causing traffic issues,roads,BBMP Roads,High,13.06379241,77.69259819,Pending,00:23:50,2102-10-29
COMP_00041,Power outage in Jayanagar for 2 days,electricity,BESCOM,Critical,12.91903228,77.62137914,In Progress,21:33:15,2087-07-14
COMP_00042,No water supply in Jayanagar since 5 days,water,BWSSB,High,12.92018594,77.68030342,Pending,15:14:50,2103-12-11
COMP_00043,Pothole near bus stop at Koramangala,roads,BBMP Roads,Medium,13.0701884,77.53513903,Pending,06:14:31,2048-09-25
COMP_00044,Overflowing dustbin at MG Road,garbage,BBMP Sanitation,High,13.02158699,77.59344527,Pending,18:46:56,2044-07-16
COMP_00045,Large pothole near MG Road causing traffic issues,roads,BBMP Roads,High,12.95753981,77.5093286,Pending,23:15:36,2021-06-20
COMP_00046,Pothole near bus stop at Jayanagar,roads,BBMP Roads,Medium,12.9341034,77.5519688,In Progress,06:01:16,2102-12-28
COMP_00047,Multiple cracks on road at Indiranagar,roads,BBMP Roads,Medium,12.89641537,77.66453586,Pending,14:00:30,2110-11-25
COMP_00048,Pothole near bus stop at Jayanagar,roads,BBMP Roads,High,12.89296204,77.5054413,Pending,11:11:21,2105-06-15
COMP_00049,Large pothole near Koramangala causing traffic issues,roads,BBMP Roads,High,13.03078452,77.59424724,In Progress,13:24:21,2020-05-05
COMP_00050,Waste scattered on road at Indiranagar,garbage,BBMP Sanitation,High,12.96246926,77.49797303,Pending,03:04:52,2040-11-04
COMP_00051,Water contamination issue at BTM Layout,water,BWSSB,High,13.05419179,77.55729708,Pending,16:44:14,2098-10-22
COMP_00052,Multiple cracks on road at Indiranagar,roads,BBMP Roads,Medium,12.89169376,77.67728012,Pending,11:26:28,2097-02-10
COMP_00053,Overflowing dustbin at MG Road,garbage,BBMP Sanitation,Medium,12.98093133,77.61998705,In Progress,20:34:12,2095-01-26
COMP_00054,Multiple cracks on road at BTM Layout,roads,BBMP Roads,Medium,12.89437756,77.55088725,Pending,17:27:15,2077-12-03
COMP_00055,Large pothole near MG Road causing traffic issues,roads,BBMP Roads,Medium,13.01440993,77.5553478,Pending,20:50:18,2102-05-13
COMP_00056,Garbage not collected at BTM Layout for 9 days,garbage,BBMP Sanitation,Medium,12.91405647,77.62730872,In Progress,04:31:49,2116-08-03
COMP_00057,Electric pole damaged near Indiranagar,electricity,BESCOM,High,13.04714358,77.62036575,Pending,17:28:22,2091-08-04
COMP_00058,Road surface damaged at BTM Layout,roads,BBMP Roads,High,12.88094573,77.66559064,In Progress,04:52:44,2043-12-20
COMP_00059,Road surface damaged at Jayanagar,roads,BBMP Roads,High,12.95112399,77.5437566,Pending,17:05:06,2033-01-14
COMP_00060,Waste scattered on road at Yelahanka,garbage,BBMP Sanitation,High,13.01576527,77.66743523,Pending,19:08:31,2021-10-24
COMP_00061,Street lights not working at Indiranagar,electricity,BESCOM,High,13.05673177,77.55344132,In Progress,10:30:38,2105-12-03
COMP_00062,Electric pole damaged near Yelahanka,electricity,BESCOM,Critical,12.93757662,77.59755317,In Progress,03:09:07,2049-03-01
COMP_00063,Transformer issue reported at BTM Layout,electricity,BESCOM,High,12.98631234,77.59241704,In Progress,11:54:27,2054-07-16
COMP_00064,Transformer issue reported at MG Road,electricity,BESCOM,High,12.89701504,77.65692221,In Progress,02:01:23,2064-06-02
COMP_00065,Road surface damaged at Yelahanka,roads,BBMP Roads,High,13.05324197,77.61465605,In Progress,16:33:40,2048-01-13
COMP_00066,Overflowing dustbin at BTM Layout,garbage,BBMP Sanitation,Medium,13.01484224,77.68330925,In Progress,19:20:30,2041-04-26
COMP_00067,Street lights not working at Whitefield,electricity,BESCOM,High,12.98626108,77.69097679,In Progress,09:53:32,2073-01-03
COMP_00068,Waste scattered on road at Malleshwaram,garbage,BBMP Sanitation,Medium,13.04829479,77.58846473,In Progress,12:23:24,2094-07-26
COMP_00069,Waste scattered on road at Indiranagar,garbage,BBMP Sanitation,Medium,13.03352063,77.68576882,In Progress,01:55:23,2048-08-27
COMP_00070,Illegal garbage dumping near Jayanagar,garbage,BBMP Sanitation,Medium,12.88479795,77.68151383,In Progress,20:57:58,2089-11-26
COMP_00071,Street lights not working at Koramangala,electricity,BESCOM,High,12.91877895,77.60246732,Pending,12:42:02,2052-08-01
COMP_00072,Illegal garbage dumping near Yelahanka,garbage,BBMP Sanitation,High,12.99643267,77.65894769,Pending,10:52:22,2091-11-22
COMP_00073,Pothole near bus stop at Jayanagar,roads,BBMP Roads,Medium,12.87979339,77.53290989,Pending,12:41:51,2065-07-27
COMP_00074,No water supply in Whitefield since 7 days,water,BWSSB,Critical,12.92940003,77.67936312,In Progress,08:57:15,2113-11-19
COMP_00075,Waste scattered on road at BTM Layout,garbage,BBMP Sanitation,High,12.9199805,77.60959923,Pending,12:20:51,2081-09-09
COMP_00076,Road surface damaged at Yelahanka,roads,BBMP Roads,High,12.88958159,77.49845252,Pending,04:16:57,2075-11-27
COMP_00077,Water leakage reported at BTM Layout,water,BWSSB,High,12.99611254,77.6339285,In Progress,13:34:05,2033-08-02
COMP_00078,Large pothole near BTM Layout causing traffic issues,roads,BBMP Roads,High,12.927362,77.52803952,Pending,09:46:51,2116-07-23
COMP_00079,Waste scattered on road at BTM Layout,garbage,BBMP Sanitation,Medium,13.01863378,77.56180027,In Progress,22:02:59,2050-05-03
COMP_00080,Road surface damaged at Jayanagar,roads,BBMP Roads,Medium,12.90340578,77.60347843,In Progress,13:11:02,2101-04-22
COMP_00081,Electric pole damaged near Jayanagar,electricity,BESCOM,Critical,12.89523339,77.55611895,Pending,10:25:13,2106-08-21
COMP_00082,Street lights not working at MG Road,electricity,BESCOM,Critical,12.95300968,77.59473178,Pending,02:15:28,2048-09-12
COMP_00083,Broken water pipe flooding street at MG Road,water,BWSSB,High,13.04226219,77.52440607,Pending,11:09:49,2101-10-16
COMP_00084,Multiple cracks on road at Yelahanka,roads,BBMP Roads,Medium,13.01778074,77.60551106,In Progress,13:42:39,2052-06-24
COMP_00085,Road surface damaged at MG Road,roads,BBMP Roads,High,13.04512179,77.61811016,Pending,10:01:38,2066-07-31
COMP_00086,Power outage in MG Road for 6 days,electricity,BESCOM,High,12.93144506,77.54109283,In Progress,02:00:20,2068-04-11
COMP_00087,Overflowing dustbin at Koramangala,garbage,BBMP Sanitation,High,13.04975645,77.53672539,Pending,09:53:46,2023-04-12
COMP_00088,Multiple cracks on road at Jayanagar,roads,BBMP Roads,High,13.01699675,77.52574247,Pending,03:20:19,2069-10-20
COMP_00089,Street lights not working at Yelahanka,electricity,BESCOM,Critical,13.00066634,77.62157312,Pending,20:22:16,2082-03-21
COMP_00090,No water supply in BTM Layout since 5 days,water,BWSSB,High,12.991052,77.50615456,Pending,09:43:59,2039-04-13
COMP_00091,Large pothole near Jayanagar causing traffic issues,roads,BBMP Roads,High,13.01240169,77.64317428,Pending,16:48:29,2043-02-27
COMP_00092,Broken water pipe flooding street at BTM Layout,water,BWSSB,Critical,12.9522393,77.56799029,In Progress,01:08:54,2047-02-01
COMP_00093,Water leakage reported at Koramangala,water,BWSSB,High,12.96632739,77.5703504,In Progress,15:44:33,2106-12-02
COMP_00094,Garbage not collected at MG Road for 7 days,garbage,BBMP Sanitation,High,12.88859119,77.58143698,In Progress,06:21:51,2060-05-08
COMP_00095,Road surface damaged at MG Road,roads,BBMP Roads,Medium,13.04684154,77.61088133,Pending,13:22:08,2107-10-29
COMP_00096,No water supply in Koramangala since 2 days,water,BWSSB,High,13.05382608,77.51357543,In Progress,22:40:20,2114-02-18
COMP_00097,Multiple cracks on road at MG Road,roads,BBMP Roads,Medium,12.90239709,77.60278634,Pending,09:00:04,2076-02-08
COMP_00098,Road surface damaged at Yelahanka,roads,BBMP Roads,Medium,13.01331129,77.52648032,In Progress,20:36:04,2048-01-31
COMP_00099,Waste scattered on road at Koramangala,garbage,BBMP Sanitation,Medium,13.02241769,77.65989891,In Progress,12:48:36,2102-12-12
COMP_00100,Multiple cracks on road at BTM Layout,roads,BBMP Roads,High,13.02030473,77.68816379,In Progress,11:06:05,2055-10-15
COMP_00101,No water supply in Malleshwaram since 5 days,water,BWSSB,Critical,13.06315099,77.61314146,Pending,23:08:13,2067-02-11
COMP_00102,No water supply in BTM Layout since 6 days,water,BWSSB,Critical,13.0442384,77.66079935,Pending,20:54:28,2079-01-26
COMP_00103,Street lights not working at Whitefield,electricity,BESCOM,Critical,12.91076497,77.57774853,In Progress,02:05:07,2116-04-17
COMP_00104,Illegal garbage dumping near Whitefield,garbage,BBMP Sanitation,Medium,12.94488778,77.59686433,Pending,02:13:30,2066-10-01
COMP_00105,Illegal garbage dumping near Indiranagar,garbage,BBMP Sanitation,High,13.04380006,77.58446513,Pending,11:38:53,2100-07-30
COMP_00106,Multiple cracks on road at Jayanagar,roads,BBMP Roads,High,13.06635204,77.56807169,Pending,21:57:40,2086-07-07
COMP_00107,No water supply in BTM Layout since 5 days,water,BWSSB,Critical,13.0127804,77.60975929,Pending,08:34:10,2086-10-19
COMP_00108,Street lights not working at Malleshwaram,electricity,BESCOM,High,13.01884533,77.58624645,Pending,05:41:57,2067-08-06
COMP_00109,Pothole near bus stop at MG Road,roads,BBMP Roads,High,12.91448549,77.68283782,Pending,02:13:37,2067-01-07
COMP_00110,Waste scattered on road at Indiranagar,garbage,BBMP Sanitation,High,13.04033547,77.62852176,In Progress,16:07:44,2036-02-06
COMP_00111,Overflowing dustbin at Jayanagar,garbage,BBMP Sanitation,Medium,13.02261573,77.67503199,Pending,15:33:15,2090-04-27
COMP_00112,Overflowing dustbin at Whitefield,garbage,BBMP Sanitation,High,12.98486871,77.63612016,Pending,07:08:56,2103-04-09
COMP_00113,Water contamination issue at Indiranagar,water,BWSSB,Critical,12.98779961,77.64231044,Pending,10:52:41,2057-10-23
COMP_00114,Water contamination issue at Jayanagar,water,BWSSB,High,12.88963392,77.51485385,Pending,01:46:58,2090-06-01
COMP_00115,Transformer issue reported at Whitefield,electricity,BESCOM,High,12.93845592,77.56935269,In Progress,05:21:36,2087-02-19
COMP_00116,Broken water pipe flooding street at Malleshwaram,water,BWSSB,Critical,12.91257287,77.55372261,In Progress,04:57:31,2115-02-10
COMP_00117,No water supply in BTM Layout since 2 days,water,BWSSB,Critical,12.91827959,77.62293303,Pending,12:15:42,2082-07-25
COMP_00118,Power outage in BTM Layout for 4 days,electricity,BESCOM,Critical,12.94900661,77.53389505,In Progress,02:59:02,2036-11-23
COMP_00119,No water supply in BTM Layout since 10 days,water,BWSSB,High,12.99092653,77.69362158,Pending,23:18:44,2040-04-24
COMP_00120,Power outage in Yelahanka for 10 days,electricity,BESCOM,High,12.96140077,77.68344549,Pending,19:12:31,2056-02-19
COMP_00121,Garbage not collected at MG Road for 2 days,garbage,BBMP Sanitation,High,12.99436612,77.58326804,In Progress,21:25:47,2082-09-29
COMP_00122,Road surface damaged at Jayanagar,roads,BBMP Roads,High,12.90153914,77.56140335,In Progress,16:17:27,2079-10-18
COMP_00123,Multiple cracks on road at Indiranagar,roads,BBMP Roads,High,12.89996443,77.5772873,Pending,00:38:26,2075-07-01
COMP_00124,Waste scattered on road at MG Road,garbage,BBMP Sanitation,Medium,12.93298493,77.59610627,In Progress,02:19:12,2097-12-12
COMP_00125,Road surface damaged at MG Road,roads,BBMP Roads,Medium,12.97435347,77.59711912,Pending,22:33:44,2025-08-11
COMP_00126,Overflowing dustbin at Indiranagar,garbage,BBMP Sanitation,High,12.93824472,77.57769749,Pending,20:24:21,2070-09-22
COMP_00127,Garbage not collected at MG Road for 3 days,garbage,BBMP Sanitation,High,12.93421681,77.57697211,In Progress,15:22:00,2088-01-09
COMP_00128,Pothole near bus stop at Indiranagar,roads,BBMP Roads,Medium,13.03614159,77.63929056,In Progress,13:24:21,2055-07-28
COMP_00129,Broken water pipe flooding street at MG Road,water,BWSSB,Critical,12.99458565,77.49920082,Pending,10:53:19,2086-09-27
COMP_00130,Garbage not collected at Indiranagar for 8 days,garbage,BBMP Sanitation,High,12.88543056,77.50115554,Pending,10:12:18,2109-04-20
COMP_00131,Road surface damaged at Jayanagar,roads,BBMP Roads,Medium,13.04163093,77.54251039,Pending,14:42:54,2111-03-18
COMP_00132,Overflowing dustbin at Indiranagar,garbage,BBMP Sanitation,High,12.92369501,77.62641731,In Progress,18:30:03,2092-12-18
COMP_00133,Waste scattered on road at Malleshwaram,garbage,BBMP Sanitation,Medium,13.03631919,77.6808336,In Progress,18:55:20,2054-03-30
COMP_00134,Illegal garbage dumping near BTM Layout,garbage,BBMP Sanitation,Medium,13.05330313,77.68577317,Pending,15:38:07,2072-10-15
COMP_00135,Overflowing dustbin at Whitefield,garbage,BBMP Sanitation,Medium,12.88149352,77.66435525,In Progress,12:43:52,2059-07-20
COMP_00136,Large pothole near Malleshwaram causing traffic issues,roads,BBMP Roads,Medium,12.89576805,77.64302437,Pending,12:39:39,2057-10-16
COMP_00137,Transformer issue reported at Malleshwaram,electricity,BESCOM,High,12.87959112,77.61311663,Pending,14:59:19,2058-09-04
COMP_00138,No water supply in Malleshwaram since 2 days,water,BWSSB,High,12.90451895,77.55193265,In Progress,21:47:20,2090-08-17
COMP_00139,Waste scattered on road at Koramangala,garbage,BBMP Sanitation,Medium,12.89513587,77.52143405,Pending,21:43:23,2023-05-18
COMP_00140,Water contamination issue at Yelahanka,water,BWSSB,High,12.91351804,77.60448992,Pending,11:44:12,2097-01-20
COMP_00141,Transformer issue reported at Indiranagar,electricity,BESCOM,High,12.92374764,77.65681058,In Progress,15:28:17,2042-03-22
COMP_00142,Transformer issue reported at Jayanagar,electricity,BESCOM,High,12.97130487,77.49947848,Pending,16:26:44,2101-11-12
COMP_00143,No water supply in Jayanagar since 8 days,water,BWSSB,High,12.88457108,77.69110438,In Progress,21:24:01,2056-05-06
COMP_00144,Pothole near bus stop at MG Road,roads,BBMP Roads,Medium,13.0287521,77.51410377,In Progress,16:59:04,2036-04-06
COMP_00145,Multiple cracks on road at Jayanagar,roads,BBMP Roads,High,12.98180125,77.59609794,In Progress,05:37:39,2112-07-17
COMP_00146,Power outage in Malleshwaram for 9 days,electricity,BESCOM,High,12.926151,77.49775374,Pending,12:36:49,2111-03-31
COMP_00147,Transformer issue reported at Indiranagar,electricity,BESCOM,Critical,12.87565952,77.51335068,In Progress,13:06:12,2039-07-21
COMP_00148,Road surface damaged at Jayanagar,roads,BBMP Roads,Medium,12.95456619,77.68702713,In Progress,22:47:33,2085-09-20
COMP_00149,Multiple cracks on road at Indiranagar,roads,BBMP Roads,Medium,12.91506935,77.5751188,Pending,17:05:24,2023-11-18
COMP_00150,Road surface damaged at MG Road,roads,BBMP Roads,High,13.0528824,77.59935028,Pending,08:04:01,2025-12-29
COMP_00151,Pothole near bus stop at MG Road,roads,BBMP Roads,Medium,12.89145709,77.51766207,In Progress,21:25:27,2024-03-27
COMP_00152,Multiple cracks on road at Yelahanka,roads,BBMP Roads,High,12.94253706,77.60950193,In Progress,01:43:45,2080-05-16
COMP_00153,Road surface damaged at BTM Layout,roads,BBMP Roads,Medium,13.02986096,77.56334542,In Progress,09:55:44,2079-11-30
COMP_00154,No water supply in Indiranagar since 9 days,water,BWSSB,Critical,12.96629208,77.6727168,Pending,12:14:53,2050-12-13
COMP_00155,Garbage not collected at Yelahanka for 10 days,garbage,BBMP Sanitation,High,12.9370492,77.5289814,Pending,10:53:06,2060-07-08
COMP_00156,Power outage in Indiranagar for 1 days,electricity,BESCOM,High,12.97598936,77.58644613,Pending,01:07:54,2043-10-02
COMP_00157,Large pothole near Jayanagar causing traffic issues,roads,BBMP Roads,High,12.87961906,77.63472507,In Progress,04:17:07,2109-12-04
COMP_00158,Electric pole damaged near Yelahanka,electricity,BESCOM,Critical,12.89826122,77.59968174,In Progress,03:18:44,2099-12-25
COMP_00159,Street lights not working at Malleshwaram,electricity,BESCOM,Critical,12.97996214,77.58232863,In Progress,11:41:28,2068-05-08
COMP_00160,Street lights not working at BTM Layout,electricity,BESCOM,High,12.92777627,77.5989488,In Progress,16:04:55,2031-05-08
COMP_00161,Broken water pipe flooding street at Yelahanka,water,BWSSB,High,12.92767656,77.50845537,In Progress,00:15:10,2044-08-26
COMP_00162,Water leakage reported at Yelahanka,water,BWSSB,High,13.04950318,77.6493859,Pending,10:41:23,2056-06-25
COMP_00163,Pothole near bus stop at Whitefield,roads,BBMP Roads,Medium,13.07069161,77.62586713,Pending,06:19:58,2054-10-18
COMP_00164,Electric pole damaged near Whitefield,electricity,BESCOM,High,12.99727041,77.52977229,In Progress,12:47:52,2082-05-19
COMP_00165,Water contamination issue at Jayanagar,water,BWSSB,Critical,13.01719083,77.66509641,Pending,11:27:49,2042-09-01
COMP_00166,Multiple cracks on road at Whitefield,roads,BBMP Roads,High,13.0629611,77.68159825,In Progress,07:39:02,2046-09-05
COMP_00167,Garbage not collected at Whitefield for 8 days,garbage,BBMP Sanitation,High,12.89425766,77.68282257,Pending,18:05:59,2047-08-22
COMP_00168,Waste scattered on road at Malleshwaram,garbage,BBMP Sanitation,High,12.92010711,77.54886132,Pending,00:16:44,2110-11-16
COMP_00169,Electric pole damaged near Yelahanka,electricity,BESCOM,Critical,12.99070436,77.60585905,In Progress,19:11:51,2065-06-16
COMP_00170,Waste scattered on road at Indiranagar,garbage,BBMP Sanitation,High,12.98791043,77.52907765,In Progress,22:34:04,2026-03-23
COMP_00171,Street lights not working at Yelahanka,electricity,BESCOM,High,13.04954844,77.50516278,In Progress,05:17:26,2102-09-30
COMP_00172,Transformer issue reported at Whitefield,electricity,BESCOM,High,12.88875469,77.53105119,In Progress,23:24:26,2111-06-08
COMP_00173,Garbage not collected at Malleshwaram for 1 days,garbage,BBMP Sanitation,High,13.05177057,77.58115937,In Progress,19:29:54,2077-09-18
COMP_00174,Broken water pipe flooding street at Koramangala,water,BWSSB,Critical,12.95174105,77.59508708,Pending,17:34:20,2072-11-30
COMP_00175,Electric pole damaged near Jayanagar,electricity,BESCOM,Critical,12.93174298,77.53147238,Pending,23:43:59,2066-02-03
COMP_00176,Pothole near bus stop at Koramangala,roads,BBMP Roads,High,12.8926954,77.59592547,Pending,16:49:32,2029-08-11
COMP_00177,Garbage not collected at Koramangala for 6 days,garbage,BBMP Sanitation,High,13.05835834,77.54241338,Pending,18:18:23,2106-06-19
COMP_00178,Road surface damaged at MG Road,roads,BBMP Roads,Medium,12.88669897,77.5643989,In Progress,14:08:25,2063-12-08
COMP_00179,Illegal garbage dumping near Whitefield,garbage,BBMP Sanitation,Medium,13.04158793,77.57580561,Pending,09:05:50,2055-10-01
COMP_00180,Water contamination issue at BTM Layout,water,BWSSB,Critical,12.93945273,77.51184597,Pending,05:50:32,2103-05-02
COMP_00181,Waste scattered on road at Yelahanka,garbage,BBMP Sanitation,High,13.02550147,77.66645081,In Progress,07:16:07,2091-10-15
COMP_00182,Electric pole damaged near Koramangala,electricity,BESCOM,Critical,12.96857901,77.51913605,Pending,11:36:59,2021-12-25
COMP_00183,Electric pole damaged near MG Road,electricity,BESCOM,Critical,12.92233922,77.56521674,Pending,07:16:25,2065-02-02
COMP_00184,Water contamination issue at Yelahanka,water,BWSSB,Critical,12.95013747,77.68624198,Pending,10:07:35,2021-10-04
COMP_00185,Pothole near bus stop at Yelahanka,roads,BBMP Roads,High,12.94867247,77.5671684,In Progress,13:12:43,2115-01-15
COMP_00186,Electric pole damaged near Whitefield,electricity,BESCOM,High,13.04760334,77.59495096,In Progress,03:12:04,2086-08-24
COMP_00187,Transformer issue reported at BTM Layout,electricity,BESCOM,Critical,12.95335816,77.60101078,Pending,22:33:46,2085-12-29
COMP_00188,Water leakage reported at MG Road,water,BWSSB,Critical,12.98871658,77.53707579,Pending,06:19:49,2031-07-15
COMP_00189,Power outage in MG Road for 7 days,electricity,BESCOM,Critical,12.99467873,77.6703924,In Progress,19:19:07,2103-04-06
COMP_00190,Road surface damaged at Indiranagar,roads,BBMP Roads,Medium,13.02753946,77.50564474,In Progress,21:08:20,2099-01-14
COMP_00191,Large pothole near Indiranagar causing traffic issues,roads,BBMP Roads,Medium,13.00557598,77.66337693,Pending,13:59:57,2108-07-12
COMP_00192,Garbage not collected at Malleshwaram for 3 days,garbage,BBMP Sanitation,High,13.05003744,77.50239778,In Progress,01:47:11,2066-04-11
COMP_00193,Overflowing dustbin at Whitefield,garbage,BBMP Sanitation,High,12.93915115,77.60933866,Pending,07:23:00,2027-01-12
COMP_00194,Waste scattered on road at Jayanagar,garbage,BBMP Sanitation,Medium,12.92331607,77.53188224,Pending,17:37:36,2053-05-05
COMP_00195,Transformer issue reported at Whitefield,electricity,BESCOM,Critical,12.93016495,77.56609557,In Progress,20:34:22,2105-07-10
COMP_00196,Broken water pipe flooding street at BTM Layout,water,BWSSB,High,13.01625783,77.49693117,Pending,04:03:35,2075-11-01
COMP_00197,Road surface damaged at Malleshwaram,roads,BBMP Roads,Medium,12.87746914,77.53925196,In Progress,11:51:19,2066-09-04
COMP_00198,Transformer issue reported at BTM Layout,electricity,BESCOM,High,12.89769752,77.68437185,In Progress,13:27:07,2116-07-21
COMP_00199,No water supply in Yelahanka since 2 days,water,BWSSB,Critical,12.96491304,77.61902,Pending,19:38:14,2115-01-18
COMP_00200,Overflowing dustbin at BTM Layout,garbage,BBMP Sanitation,Medium,13.01056402,77.5300983,In Progress,23:50:34,2031-06-26
COMP_00201,Waste scattered on road at MG Road,garbage,BBMP Sanitation,Medium,13.042688,77.50404826,Pending,01:57:15,2030-08-13
COMP_00202,Large pothole near Jayanagar causing traffic issues,roads,BBMP Roads,High,12.92960622,77.66800664,Pending,13:01:38,2033-03-30
COMP_00203,Overflowing dustbin at Koramangala,garbage,BBMP Sanitation,High,12.96003688,77.60306795,In Progress,12:43:16,2078-11-11
COMP_00204,Transformer issue reported at Malleshwaram,electricity,BESCOM,High,13.04587973,77.51600079,Pending,11:34:53,2085-07-07
COMP_00205,Power outage in Indiranagar for 2 days,electricity,BESCOM,High,12.94159972,77.66693848,In Progress,04:31:01,2040-08-03
COMP_00206,Overflowing dustbin at MG Road,garbage,BBMP Sanitation,High,12.92763299,77.54292255,In Progress,21:35:04,2042-03-13
COMP_00207,No water supply in Yelahanka since 1 days,water,BWSSB,High,12.89968678,77.51673205,Pending,14:30:33,2021-12-18
COMP_00208,Road surface damaged at Malleshwaram,roads,BBMP Roads,Medium,12.89894432,77.51571025,In Progress,05:08:49,2028-03-18
COMP_00209,Power outage in Jayanagar for 10 days,electricity,BESCOM,Critical,12.94682818,77.55690056,In Progress,04:08:11,2091-06-24
COMP_00210,Garbage not collected at MG Road for 1 days,garbage,BBMP Sanitation,High,13.00754798,77.51236892,Pending,04:17:05,2024-11-16
COMP_00211,Electric pole damaged near Malleshwaram,electricity,BESCOM,Critical,12.90705332,77.56251176,In Progress,22:42:47,2099-10-20
COMP_00212,Multiple cracks on road at Malleshwaram,roads,BBMP Roads,High,13.06235358,77.68171712,In Progress,00:59:35,2115-05-22
COMP_00213,Illegal garbage dumping near MG Road,garbage,BBMP Sanitation,High,13.00060062,77.65630805,In Progress,13:30:40,2034-10-30
COMP_00214,Water leakage reported at Yelahanka,water,BWSSB,High,13.05776134,77.65871923,Pending,20:37:18,2084-12-15
COMP_00215,Multiple cracks on road at Yelahanka,roads,BBMP Roads,High,12.92875697,77.5027041,Pending,23:08:49,2063-09-26
COMP_00216,Water contamination issue at MG Road,water,BWSSB,Critical,12.88736892,77.62660997,In Progress,23:18:46,2112-12-30
COMP_00217,Illegal garbage dumping near Whitefield,garbage,BBMP Sanitation,Medium,13.01747918,77.6596275,In Progress,11:24:00,2060-11-18
COMP_00218,Water leakage reported at Yelahanka,water,BWSSB,High,13.03615752,77.67508758,Pending,08:05:09,2104-11-07
COMP_00219,Water leakage reported at BTM Layout,water,BWSSB,Critical,13.00128812,77.60336026,In Progress,16:56:44,2040-05-23
COMP_00220,Illegal garbage dumping near BTM Layout,garbage,BBMP Sanitation,High,13.07104357,77.63281766,Pending,05:58:18,2053-06-29
COMP_00221,Multiple cracks on road at Indiranagar,roads,BBMP Roads,Medium,12.9935669,77.53883936,In Progress,16:16:41,2023-11-09
COMP_00222,Water contamination issue at Koramangala,water,BWSSB,High,12.90010245,77.62048613,In Progress,00:42:23,2051-08-03
COMP_00223,Broken water pipe flooding street at BTM Layout,water,BWSSB,Critical,12.97057686,77.5536399,Pending,05:04:55,2035-01-25
COMP_00224,Pothole near bus stop at Malleshwaram,roads,BBMP Roads,High,12.93763163,77.55506181,In Progress,07:19:45,2116-05-02
COMP_00225,Electric pole damaged near Malleshwaram,electricity,BESCOM,Critical,12.88445399,77.56951147,In Progress,22:03:42,2070-01-01
COMP_00226,Illegal garbage dumping near MG Road,garbage,BBMP Sanitation,High,13.04676961,77.66083504,Pending,14:05:59,2047-05-28
COMP_00227,Street lights not working at Whitefield,electricity,BESCOM,High,12.90431617,77.52234062,Pending,08:33:25,2022-01-07
COMP_00228,Pothole near bus stop at Malleshwaram,roads,BBMP Roads,High,13.00394611,77.56862958,In Progress,07:45:07,2022-04-03
COMP_00229,Electric pole damaged near MG Road,electricity,BESCOM,Critical,13.02456497,77.63448249,Pending,22:36:19,2082-09-24
COMP_00230,Illegal garbage dumping near Whitefield,garbage,BBMP Sanitation,High,13.00948694,77.61687544,Pending,00:21:25,2062-09-01
COMP_00231,Power outage in Yelahanka for 10 days,electricity,BESCOM,Critical,13.05832103,77.5083295,Pending,18:45:30,2052-10-24
COMP_00232,Illegal garbage dumping near Malleshwaram,garbage,BBMP Sanitation,Medium,12.99169243,77.52931173,Pending,15:21:52,2057-07-23
COMP_00233,No water supply in Whitefield since 1 days,water,BWSSB,Critical,12.99442568,77.59627437,Pending,12:41:22,2054-11-15
COMP_00234,Multiple cracks on road at Jayanagar,roads,BBMP Roads,High,13.0538472,77.68402594,In Progress,17:42:38,2057-05-22
COMP_00235,Road surface damaged at Koramangala,roads,BBMP Roads,High,13.00742759,77.65663589,In Progress,03:46:08,2035-10-04
COMP_00236,Transformer issue reported at Jayanagar,electricity,BESCOM,Critical,12.92723297,77.64575254,Pending,22:47:30,2116-06-12
COMP_00237,Transformer issue reported at Yelahanka,electricity,BESCOM,High,12.91388434,77.64458648,Pending,15:57:05,2102-09-17
COMP_00238,Road surface damaged at MG Road,roads,BBMP Roads,Medium,13.0160207,77.61985407,Pending,10:40:34,2045-01-31
COMP_00239,Road surface damaged at Yelahanka,roads,BBMP Roads,High,13.05635596,77.62854248,In Progress,07:36:12,2090-02-10
COMP_00240,Water contamination issue at Indiranagar,water,BWSSB,High,12.91635573,77.57481453,In Progress,20:27:43,2115-06-08
COMP_00241,Power outage in BTM Layout for 9 days,electricity,BESCOM,High,12.91566645,77.63787211,In Progress,05:44:21,2049-06-14
COMP_00242,Transformer issue reported at Jayanagar,electricity,BESCOM,Critical,12.89300893,77.53031723,Pending,10:44:16,2077-05-20
COMP_00243,Water leakage reported at MG Road,water,BWSSB,High,12.94758798,77.61959404,In Progress,01:26:37,2032-01-15
COMP_00244,Illegal garbage dumping near BTM Layout,garbage,BBMP Sanitation,Medium,13.01518167,77.53382292,In Progress,07:21:43,2064-05-09
COMP_00245,Large pothole near MG Road causing traffic issues,roads,BBMP Roads,High,13.03371676,77.60707141,In Progress,08:13:41,2085-08-05
COMP_00246,Large pothole near Whitefield causing traffic issues,roads,BBMP Roads,Medium,13.05160874,77.50635066,Pending,09:15:58,2061-11-19
COMP_00247,Water contamination issue at Malleshwaram,water,BWSSB,High,12.98767559,77.62689008,In Progress,16:11:32,2059-02-23
COMP_00248,Water contamination issue at Malleshwaram,water,BWSSB,Critical,12.96869964,77.52979517,In Progress,11:57:13,2099-05-15
COMP_00249,Road surface damaged at Whitefield,roads,BBMP Roads,High,12.96835323,77.5373358,In Progress,19:06:55,2027-04-14
COMP_00250,Electric pole damaged near Malleshwaram,electricity,BESCOM,Critical,13.05747232,77.51941909,Pending,17:53:36,2060-03-30
COMP_00251,Street lights not working at Koramangala,electricity,BESCOM,Critical,13.02324823,77.67713764,Pending,17:02:59,2081-12-06
COMP_00252,Waste scattered on road at Whitefield,garbage,BBMP Sanitation,High,12.90633344,77.50559589,Pending,22:52:56,2049-04-12
COMP_00253,Large pothole near Koramangala causing traffic issues,roads,BBMP Roads,Medium,13.07010226,77.50690415,Pending,12:11:24,2037-12-17
COMP_00254,Electric pole damaged near BTM Layout,electricity,BESCOM,Critical,12.89442848,77.5204058,Pending,06:19:21,2024-08-09
COMP_00255,No water supply in BTM Layout since 6 days,water,BWSSB,Critical,12.93853805,77.53857531,In Progress,10:02:01,2069-04-16
COMP_00256,Road surface damaged at Malleshwaram,roads,BBMP Roads,Medium,12.99905203,77.65081376,Pending,15:26:43,2106-05-13
COMP_00257,Garbage not collected at Malleshwaram for 5 days,garbage,BBMP Sanitation,High,12.97074917,77.60184326,Pending,05:56:07,2039-07-01
COMP_00258,Garbage not collected at Jayanagar for 10 days,garbage,BBMP Sanitation,Medium,12.90496057,77.55928318,In Progress,17:59:30,2085-09-02
COMP_00259,Street lights not working at Yelahanka,electricity,BESCOM,High,13.04324572,77.62703908,Pending,23:30:36,2025-05-29
COMP_00260,Broken water pipe flooding street at Indiranagar,water,BWSSB,High,13.0092433,77.68115959,In Progress,16:55:28,2062-03-29
COMP_00261,Large pothole near MG Road causing traffic issues,roads,BBMP Roads,Medium,13.05364937,77.67256758,In Progress,10:05:54,2094-01-18
COMP_00262,Garbage not collected at MG Road for 9 days,garbage,BBMP Sanitation,High,12.93087466,77.6935832,Pending,23:50:04,2071-12-18
COMP_00263,Water leakage reported at Malleshwaram,water,BWSSB,Critical,13.02892697,77.63692253,In Progress,16:38:38,2045-02-23
COMP_00264,Electric pole damaged near Indiranagar,electricity,BESCOM,Critical,12.92418619,77.51305578,Pending,08:08:15,2076-06-25
COMP_00265,Pothole near bus stop at Whitefield,roads,BBMP Roads,Medium,13.05725378,77.58193937,In Progress,12:43:56,2111-10-05
COMP_00266,Broken water pipe flooding street at Malleshwaram,water,BWSSB,Critical,13.03818587,77.6509589,Pending,06:35:38,2086-12-06
COMP_00267,Waste scattered on road at Indiranagar,garbage,BBMP Sanitation,High,13.05280204,77.68838788,Pending,12:35:42,2109-04-09
COMP_00268,Street lights not working at Indiranagar,electricity,BESCOM,High,13.01546524,77.54672664,Pending,10:58:02,2024-05-20
COMP_00269,Road surface damaged at Malleshwaram,roads,BBMP Roads,Medium,13.00438614,77.66957327,In Progress,08:44:25,2097-11-22
COMP_00270,Water leakage reported at MG Road,water,BWSSB,High,12.89044314,77.69084541,In Progress,06:17:07,2114-06-20
COMP_00271,Water leakage reported at BTM Layout,water,BWSSB,High,12.91160017,77.53095713,Pending,13:45:06,2101-01-21
COMP_00272,Water contamination issue at BTM Layout,water,BWSSB,High,12.89195802,77.67945478,Pending,03:30:10,2042-06-22
COMP_00273,Waste scattered on road at MG Road,garbage,BBMP Sanitation,High,12.97607613,77.53471984,Pending,16:28:12,2101-03-21
COMP_00274,Power outage in Koramangala for 10 days,electricity,BESCOM,High,12.90511461,77.68613659,Pending,22:53:17,2077-10-14
COMP_00275,Street lights not working at Koramangala,electricity,BESCOM,High,13.06518524,77.5134795,Pending,08:46:50,2111-10-31
COMP_00276,Pothole near bus stop at MG Road,roads,BBMP Roads,Medium,12.87565764,77.64212414,In Progress,03:07:58,2040-09-12
COMP_00277,Street lights not working at Malleshwaram,electricity,BESCOM,Critical,13.01246176,77.6322252,In Progress,21:30:40,2021-05-14
COMP_00278,Water contamination issue at Malleshwaram,water,BWSSB,Critical,12.98000233,77.58469876,In Progress,18:19:13,2022-04-05
COMP_00279,Pothole near bus stop at MG Road,roads,BBMP Roads,Medium,12.91492683,77.56965416,Pending,06:40:05,2035-11-11
COMP_00280,Water leakage reported at Whitefield,water,BWSSB,Critical,12.94823431,77.64079375,In Progress,05:30:50,2074-05-04
COMP_00281,Pothole near bus stop at Malleshwaram,roads,BBMP Roads,Medium,12.8923446,77.51810306,In Progress,18:50:13,2074-12-03
COMP_00282,Electric pole damaged near Whitefield,electricity,BESCOM,Critical,12.94684007,77.49879641,Pending,00:47:10,2090-04-07
COMP_00283,No water supply in MG Road since 7 days,water,BWSSB,Critical,12.93730079,77.60444098,Pending,09:58:50,2108-06-10
COMP_00284,Broken water pipe flooding street at BTM Layout,water,BWSSB,Critical,12.87406673,77.5752879,Pending,05:44:41,2042-12-12
COMP_00285,Water leakage reported at Whitefield,water,BWSSB,High,12.93966278,77.63590847,In Progress,07:47:02,2077-07-03
COMP_00286,Electric pole damaged near Jayanagar,electricity,BESCOM,Critical,12.96440308,77.69153476,Pending,23:15:34,2115-07-23
COMP_00287,Broken water pipe flooding street at Yelahanka,water,BWSSB,High,12.97946129,77.65987911,In Progress,12:06:15,2056-09-20
COMP_00288,Illegal garbage dumping near Yelahanka,garbage,BBMP Sanitation,High,12.92735207,77.59957977,In Progress,09:04:52,2059-08-11
COMP_00289,Broken water pipe flooding street at Whitefield,water,BWSSB,High,12.91678895,77.51163731,In Progress,16:06:19,2080-07-17
COMP_00290,Road surface damaged at Yelahanka,roads,BBMP Roads,Medium,13.00194517,77.67274858,In Progress,17:09:12,2052-03-17
COMP_00291,Broken water pipe flooding street at BTM Layout,water,BWSSB,Critical,13.00800727,77.61050308,Pending,09:29:32,2056-02-29
COMP_00292,Waste scattered on road at Yelahanka,garbage,BBMP Sanitation,High,13.02417845,77.67026273,Pending,12:54:11,2082-06-20
COMP_00293,Power outage in Whitefield for 4 days,electricity,BESCOM,Critical,12.89591629,77.66962982,Pending,16:33:24,2037-01-06
COMP_00294,Water leakage reported at Jayanagar,water,BWSSB,High,13.0307694,77.66536862,Pending,17:16:52,2077-07-08
COMP_00295,Garbage not collected at MG Road for 5 days,garbage,BBMP Sanitation,High,13.04784735,77.5354081,Pending,14:22:41,2058-06-01
COMP_00296,No water supply in Yelahanka since 9 days,water,BWSSB,Critical,12.99701693,77.66724659,Pending,19:39:01,2091-02-02
COMP_00297,Electric pole damaged near Malleshwaram,electricity,BESCOM,Critical,12.91293891,77.56410863,In Progress,23:42:18,2038-12-25
COMP_00298,Waste scattered on road at Jayanagar,garbage,BBMP Sanitation,High,12.8796809,77.62425327,In Progress,16:18:07,2075-11-08
COMP_00299,Water contamination issue at Jayanagar,water,BWSSB,High,13.01409507,77.65175827,In Progress,03:40:56,2076-02-29
COMP_00300,Water contamination issue at Jayanagar,water,BWSSB,High,13.05924401,77.56066442,In Progress,17:27:08,2072-08-14
COMP_00301,Multiple cracks on road at MG Road,roads,BBMP Roads,Medium,12.90602238,77.50421099,Pending,21:55:01,2085-08-07
COMP_00302,No water supply in Koramangala since 6 days,water,BWSSB,High,13.04323585,77.51608768,In Progress,11:36:06,2090-10-26
COMP_00303,Pothole near bus stop at Yelahanka,roads,BBMP Roads,High,12.93532941,77.69304141,Pending,18:59:43,2100-07-01
COMP_00304,Power outage in Yelahanka for 1 days,electricity,BESCOM,High,13.05254199,77.57055818,In Progress,17:23:12,2040-06-11
COMP_00305,Electric pole damaged near MG Road,electricity,BESCOM,Critical,12.88450956,77.55869946,Pending,13:18:48,2064-08-07
COMP_00306,No water supply in Yelahanka since 4 days,water,BWSSB,Critical,12.98712618,77.51489492,In Progress,16:54:05,2031-03-25
COMP_00307,Overflowing dustbin at Indiranagar,garbage,BBMP Sanitation,High,12.98224643,77.61389519,Pending,01:49:58,2071-03-01
COMP_00308,Power outage in Koramangala for 9 days,electricity,BESCOM,High,13.05130898,77.51903271,Pending,04:54:08,2101-08-04
COMP_00309,Electric pole damaged near Indiranagar,electricity,BESCOM,High,13.00542228,77.58735564,In Progress,02:15:36,2045-05-04
COMP_00310,Multiple cracks on road at Yelahanka,roads,BBMP Roads,High,13.01721865,77.68870351,Pending,16:51:43,2109-09-10
COMP_00311,Water contamination issue at Jayanagar,water,BWSSB,Critical,13.02744012,77.53320419,Pending,03:04:52,2045-01-24
COMP_00312,Garbage not collected at Indiranagar for 5 days,garbage,BBMP Sanitation,Medium,12.99630325,77.64812789,In Progress,12:43:23,2064-01-24
COMP_00313,Large pothole near Yelahanka causing traffic issues,roads,BBMP Roads,High,12.91787826,77.58779636,Pending,18:14:16,2085-06-13
COMP_00314,Transformer issue reported at Whitefield,electricity,BESCOM,High,13.02272884,77.65992187,Pending,21:05:02,2093-05-30
COMP_00315,Garbage not collected at MG Road for 3 days,garbage,BBMP Sanitation,High,12.92373442,77.52697969,In Progress,01:55:07,2099-11-16
COMP_00316,No water supply in MG Road since 10 days,water,BWSSB,Critical,12.87428657,77.68726534,Pending,06:51:24,2095-11-29
COMP_00317,Water contamination issue at Whitefield,water,BWSSB,Critical,12.9761986,77.55080602,Pending,20:24:24,2063-04-19
COMP_00318,Transformer issue reported at Indiranagar,electricity,BESCOM,Critical,12.9525171,77.62974641,In Progress,02:00:12,2081-11-30
COMP_00319,Large pothole near Malleshwaram causing traffic issues,roads,BBMP Roads,Medium,12.87510856,77.55146386,In Progress,15:18:17,2077-03-20
COMP_00320,Power outage in Whitefield for 6 days,electricity,BESCOM,Critical,12.98780396,77.57579742,Pending,06:00:03,2021-04-20
COMP_00321,Multiple cracks on road at Jayanagar,roads,BBMP Roads,Medium,13.06270499,77.61834307,Pending,23:24:12,2080-10-12
COMP_00322,Illegal garbage dumping near Malleshwaram,garbage,BBMP Sanitation,High,12.99937343,77.52876644,In Progress,03:37:50,2024-11-02
COMP_00323,No water supply in Koramangala since 2 days,water,BWSSB,Critical,12.94285012,77.55455171,In Progress,22:00:19,2051-02-19
COMP_00324,No water supply in Jayanagar since 3 days,water,BWSSB,Critical,13.03067581,77.51708118,Pending,02:48:11,2070-12-20
COMP_00325,Street lights not working at Jayanagar,electricity,BESCOM,Critical,12.96055057,77.52621369,Pending,04:12:47,2035-05-16
COMP_00326,Electric pole damaged near Jayanagar,electricity,BESCOM,High,13.03697727,77.56607365,In Progress,16:22:56,2112-07-15
COMP_00327,Waste scattered on road at MG Road,garbage,BBMP Sanitation,High,12.92922427,77.61206924,Pending,00:13:45,2027-08-27
COMP_00328,Illegal garbage dumping near Indiranagar,garbage,BBMP Sanitation,High,12.93420668,77.51324695,In Progress,19:42:52,2058-02-17
COMP_00329,Illegal garbage dumping near Malleshwaram,garbage,BBMP Sanitation,Medium,13.02638785,77.60253434,In Progress,23:39:35,2111-01-29
COMP_00330,Power outage in Malleshwaram for 5 days,electricity,BESCOM,High,12.9678999,77.56422935,In Progress,15:46:46,2062-11-14
COMP_00331,Waste scattered on road at BTM Layout,garbage,BBMP Sanitation,Medium,12.99022849,77.65977933,Pending,17:00:10,2042-02-17
COMP_00332,Pothole near bus stop at BTM Layout,roads,BBMP Roads,Medium,12.9319414,77.62116076,In Progress,16:11:55,2114-02-09
COMP_00333,Illegal garbage dumping near BTM Layout,garbage,BBMP Sanitation,High,13.00828229,77.54826747,Pending,01:44:23,2072-09-28
COMP_00334,Waste scattered on road at Yelahanka,garbage,BBMP Sanitation,High,12.9301063,77.49534226,Pending,02:48:25,2032-05-13
COMP_00335,Street lights not working at MG Road,electricity,BESCOM,High,12.88094831,77.5705511,In Progress,23:17:57,2044-10-09
COMP_00336,Overflowing dustbin at Malleshwaram,garbage,BBMP Sanitation,Medium,12.92200278,77.57761866,Pending,07:25:36,2033-10-02
COMP_00337,Water leakage reported at Koramangala,water,BWSSB,High,12.90788259,77.6725041,In Progress,13:27:34,2066-10-16
COMP_00338,No water supply in Yelahanka since 2 days,water,BWSSB,Critical,13.06372948,77.54651521,Pending,20:20:43,2036-02-10
COMP_00339,Water contamination issue at Jayanagar,water,BWSSB,High,12.87906828,77.58525173,Pending,16:24:55,2093-11-05
COMP_00340,Electric pole damaged near Jayanagar,electricity,BESCOM,Critical,12.90237945,77.49928252,Pending,15:52:38,2097-05-03
COMP_00341,Overflowing dustbin at Indiranagar,garbage,BBMP Sanitation,High,12.97758108,77.58535548,Pending,00:35:46,2099-06-10
COMP_00342,Power outage in Whitefield for 1 days,electricity,BESCOM,High,13.0691058,77.58521791,In Progress,14:40:26,2052-12-03
COMP_00343,Water contamination issue at Whitefield,water,BWSSB,Critical,12.98052166,77.57691553,In Progress,10:42:50,2037-01-09
COMP_00344,Road surface damaged at Koramangala,roads,BBMP Roads,High,13.06026672,77.63989843,Pending,21:43:39,2080-03-07
COMP_00345,Power outage in MG Road for 6 days,electricity,BESCOM,High,12.9313455,77.53124752,Pending,01:08:48,2020-08-12
COMP_00346,Street lights not working at Koramangala,electricity,BESCOM,High,13.00831518,77.68680952,In Progress,01:24:35,2061-11-28
COMP_00347,Overflowing dustbin at Yelahanka,garbage,BBMP Sanitation,High,13.00861302,77.68197538,Pending,06:23:08,2089-06-16
COMP_00348,Transformer issue reported at Jayanagar,electricity,BESCOM,High,12.96845054,77.69212147,Pending,08:35:26,2032-02-21
COMP_00349,Overflowing dustbin at MG Road,garbage,BBMP Sanitation,Medium,12.99411013,77.50098818,Pending,09:16:03,2022-09-28
COMP_00350,Garbage not collected at Malleshwaram for 10 days,garbage,BBMP Sanitation,Medium,13.00667901,77.62694914,Pending,17:17:19,2029-06-14
COMP_00351,Overflowing dustbin at Malleshwaram,garbage,BBMP Sanitation,High,13.04130625,77.67973642,Pending,02:42:14,2104-07-20
COMP_00352,Transformer issue reported at Yelahanka,electricity,BESCOM,High,13.03223301,77.51370779,In Progress,04:35:22,2067-12-27
COMP_00353,Water contamination issue at Whitefield,water,BWSSB,High,12.99469551,77.54234041,Pending,09:25:24,2041-12-01
COMP_00354,Power outage in Whitefield for 5 days,electricity,BESCOM,Critical,12.98276908,77.56212043,In Progress,08:20:10,2059-10-01
COMP_00355,Broken water pipe flooding street at Koramangala,water,BWSSB,Critical,13.04960371,77.49829157,Pending,21:52:23,2103-08-19
COMP_00356,Electric pole damaged near Whitefield,electricity,BESCOM,High,12.95043669,77.6203272,Pending,14:37:36,2111-05-22
COMP_00357,Water contamination issue at Koramangala,water,BWSSB,Critical,13.00680676,77.53283634,Pending,18:10:11,2106-08-20
COMP_00358,Transformer issue reported at Malleshwaram,electricity,BESCOM,Critical,12.94037003,77.68786995,Pending,16:15:30,2101-05-30
COMP_00359,Water leakage reported at Jayanagar,water,BWSSB,High,12.98888124,77.64094567,Pending,15:17:12,2032-10-01
COMP_00360,Overflowing dustbin at Koramangala,garbage,BBMP Sanitation,Medium,12.92348727,77.55838768,Pending,10:23:22,2033-04-17
COMP_00361,Transformer issue reported at Koramangala,electricity,BESCOM,Critical,12.9351459,77.67007134,Pending,16:53:35,2032-08-11
COMP_00362,Garbage not collected at Jayanagar for 9 days,garbage,BBMP Sanitation,High,12.96060929,77.5618924,Pending,17:02:37,2055-03-18
COMP_00363,Multiple cracks on road at Koramangala,roads,BBMP Roads,Medium,13.01957171,77.693516,Pending,01:04:38,2036-01-28
COMP_00364,Broken water pipe flooding street at Indiranagar,water,BWSSB,Critical,13.01180867,77.50317401,Pending,14:08:26,2077-01-03
COMP_00365,Broken water pipe flooding street at Yelahanka,water,BWSSB,High,12.88865932,77.67922358,Pending,07:53:03,2020-06-14
COMP_00366,Pothole near bus stop at Indiranagar,roads,BBMP Roads,Medium,12.89625975,77.57568244,Pending,06:05:26,2052-09-29
COMP_00367,Water leakage reported at Malleshwaram,water,BWSSB,Critical,12.94159996,77.49646624,In Progress,08:55:08,2105-09-28
COMP_00368,Overflowing dustbin at Malleshwaram,garbage,BBMP Sanitation,High,13.00902344,77.63520627,In Progress,09:11:08,2114-03-01
COMP_00369,Transformer issue reported at Whitefield,electricity,BESCOM,Critical,13.04614507,77.66908655,Pending,19:16:15,2065-09-13
COMP_00370,Overflowing dustbin at Jayanagar,garbage,BBMP Sanitation,Medium,13.02467813,77.585897,Pending,21:35:18,2073-01-14
COMP_00371,Power outage in Malleshwaram for 8 days,electricity,BESCOM,Critical,12.91892044,77.67181376,In Progress,22:15:30,2078-03-03
COMP_00372,No water supply in MG Road since 6 days,water,BWSSB,High,13.0126713,77.51906959,In Progress,02:38:03,2078-08-31
COMP_00373,Power outage in MG Road for 6 days,electricity,BESCOM,Critical,12.88454076,77.66099762,Pending,00:47:26,2099-07-27
COMP_00374,Water leakage reported at Whitefield,water,BWSSB,Critical,12.99175826,77.6597415,In Progress,04:13:02,2032-01-23
COMP_00375,Illegal garbage dumping near Indiranagar,garbage,BBMP Sanitation,Medium,13.0707718,77.53656279,In Progress,04:56:53,2041-09-16
COMP_00376,Garbage not collected at Whitefield for 4 days,garbage,BBMP Sanitation,High,12.94203825,77.54738954,In Progress,19:18:04,2077-09-02
COMP_00377,No water supply in Koramangala since 7 days,water,BWSSB,Critical,12.94884317,77.65294506,In Progress,08:25:06,2080-05-01
COMP_00378,Overflowing dustbin at Jayanagar,garbage,BBMP Sanitation,High,13.00833941,77.49498492,Pending,11:51:10,2049-08-02
COMP_00379,Power outage in Koramangala for 6 days,electricity,BESCOM,High,13.07016327,77.51600393,In Progress,19:00:46,2035-07-20
COMP_00380,Illegal garbage dumping near Whitefield,garbage,BBMP Sanitation,Medium,12.96576212,77.66425942,Pending,03:02:20,2091-08-20
COMP_00381,Multiple cracks on road at MG Road,roads,BBMP Roads,Medium,12.93869373,77.58365358,In Progress,12:26:33,2079-08-22
COMP_00382,Multiple cracks on road at Whitefield,roads,BBMP Roads,High,13.03157542,77.60293106,In Progress,21:51:48,2074-11-08
COMP_00383,Water leakage reported at Jayanagar,water,BWSSB,Critical,12.88906683,77.68035382,In Progress,20:14:38,2075-02-27
COMP_00384,Broken water pipe flooding street at Indiranagar,water,BWSSB,High,12.97758277,77.57613584,Pending,12:15:08,2074-02-22
COMP_00385,Water contamination issue at Indiranagar,water,BWSSB,Critical,12.886822,77.64769534,Pending,19:02:51,2075-03-04
COMP_00386,Street lights not working at Malleshwaram,electricity,BESCOM,High,12.9907596,77.64539531,Pending,21:58:44,2037-07-03
COMP_00387,No water supply in Whitefield since 3 days,water,BWSSB,High,13.06256062,77.51154555,In Progress,21:48:24,2079-08-10
COMP_00388,Multiple cracks on road at Malleshwaram,roads,BBMP Roads,High,12.97990998,77.50970813,In Progress,13:08:22,2085-10-26
COMP_00389,Waste scattered on road at Koramangala,garbage,BBMP Sanitation,Medium,13.02621791,77.62311647,In Progress,04:45:17,2074-10-04
COMP_00390,Illegal garbage dumping near Yelahanka,garbage,BBMP Sanitation,High,12.99773158,77.58001294,Pending,12:45:25,2065-05-31
COMP_00391,Street lights not working at Koramangala,electricity,BESCOM,Critical,12.97340652,77.55858372,Pending,18:07:59,2112-12-04
COMP_00392,Water leakage reported at Jayanagar,water,BWSSB,High,12.92447721,77.5948743,Pending,02:24:07,2032-06-27
COMP_00393,Power outage in MG Road for 10 days,electricity,BESCOM,High,12.9017331,77.62784327,In Progress,14:57:23,2080-11-05
COMP_00394,Broken water pipe flooding street at Yelahanka,water,BWSSB,Critical,13.01062698,77.58002298,Pending,11:23:50,2063-06-13
COMP_00395,Illegal garbage dumping near Indiranagar,garbage,BBMP Sanitation,High,13.04793303,77.65531852,In Progress,13:41:28,2034-08-07
COMP_00396,Road surface damaged at Jayanagar,roads,BBMP Roads,Medium,12.9021011,77.67313807,In Progress,23:05:39,2108-03-13
COMP_00397,Water contamination issue at MG Road,water,BWSSB,High,12.92659413,77.6469704,In Progress,16:25:22,2054-05-20
COMP_00398,Overflowing dustbin at Jayanagar,garbage,BBMP Sanitation,High,13.01986184,77.5650479,In Progress,02:12:49,2027-05-15
COMP_00399,Large pothole near Indiranagar causing traffic issues,roads,BBMP Roads,High,12.90990057,77.53725484,In Progress,07:12:13,2088-09-12
COMP_00400,Waste scattered on road at Whitefield,garbage,BBMP Sanitation,Medium,12.98358993,77.49524792,In Progress,03:14:27,2094-04-01
COMP_00401,Illegal garbage dumping near Whitefield,garbage,BBMP Sanitation,Medium,13.0330706,77.52770559,In Progress,08:15:29,2028-06-07
COMP_00402,Street lights not working at Yelahanka,electricity,BESCOM,High,13.0549118,77.61513751,In Progress,20:18:26,2112-01-23
COMP_00403,Large pothole near Malleshwaram causing traffic issues,roads,BBMP Roads,Medium,12.93261448,77.62295704,Pending,14:23:40,2099-07-14
COMP_00404,Multiple cracks on road at Koramangala,roads,BBMP Roads,Medium,12.99364941,77.53535258,In Progress,05:56:16,2036-04-02
COMP_00405,Large pothole near Koramangala causing traffic issues,roads,BBMP Roads,High,13.04013674,77.60062393,In Progress,22:19:35,2100-12-11
COMP_00406,Electric pole damaged near Yelahanka,electricity,BESCOM,Critical,12.8890847,77.55716066,Pending,04:28:57,2081-07-21
COMP_00407,Large pothole near MG Road causing traffic issues,roads,BBMP Roads,High,12.95044549,77.68419715,Pending,11:25:25,2070-01-01
COMP_00408,Power outage in Malleshwaram for 8 days,electricity,BESCOM,Critical,12.96423922,77.62121166,In Progress,03:08:54,2070-06-08
COMP_00409,Broken water pipe flooding street at MG Road,water,BWSSB,High,12.95938125,77.64571593,Pending,13:14:20,2022-11-20
COMP_00410,Garbage not collected at Indiranagar for 6 days,garbage,BBMP Sanitation,High,12.87214354,77.61818861,Pending,10:33:54,2106-11-20
COMP_00411,Water contamination issue at Indiranagar,water,BWSSB,Critical,12.98691511,77.67130562,Pending,17:07:05,2069-10-20
COMP_00412,Multiple cracks on road at MG Road,roads,BBMP Roads,Medium,13.04726921,77.49897454,Pending,11:07:54,2094-11-15
COMP_00413,Overflowing dustbin at Yelahanka,garbage,BBMP Sanitation,High,12.95100076,77.53451211,In Progress,05:38:54,2035-05-11
COMP_00414,Garbage not collected at Malleshwaram for 4 days,garbage,BBMP Sanitation,Medium,13.01969701,77.67408997,In Progress,06:13:50,2084-08-07
COMP_00415,Electric pole damaged near Koramangala,electricity,BESCOM,High,12.8837508,77.50406003,Pending,17:58:27,2061-04-03
COMP_00416,Pothole near bus stop at Indiranagar,roads,BBMP Roads,Medium,13.02899856,77.63696992,In Progress,00:58:34,2076-06-17
COMP_00417,Street lights not working at Koramangala,electricity,BESCOM,Critical,13.05237717,77.63081832,Pending,20:14:29,2041-05-17
COMP_00418,Street lights not working at Indiranagar,electricity,BESCOM,High,12.87847968,77.55353197,In Progress,18:49:41,2086-05-09
COMP_00419,Broken water pipe flooding street at Yelahanka,water,BWSSB,Critical,13.01182846,77.49468964,Pending,07:33:18,2092-04-30
COMP_00420,Broken water pipe flooding street at Yelahanka,water,BWSSB,Critical,12.92090141,77.49769618,In Progress,17:29:27,2025-04-06
COMP_00421,Electric pole damaged near MG Road,electricity,BESCOM,Critical,12.87756935,77.56768353,In Progress,16:05:12,2053-02-19
COMP_00422,Overflowing dustbin at Koramangala,garbage,BBMP Sanitation,Medium,12.9145439,77.62819692,In Progress,20:20:35,2087-07-06
COMP_00423,Multiple cracks on road at Indiranagar,roads,BBMP Roads,Medium,12.94739729,77.56035087,In Progress,23:25:58,2042-09-17
COMP_00424,Overflowing dustbin at Indiranagar,garbage,BBMP Sanitation,High,13.00218813,77.677125,Pending,17:53:29,2091-02-18
COMP_00425,Overflowing dustbin at Yelahanka,garbage,BBMP Sanitation,Medium,13.06053998,77.66149412,Pending,11:55:33,2032-01-21
COMP_00426,Waste scattered on road at Whitefield,garbage,BBMP Sanitation,High,13.05643158,77.53334179,In Progress,05:58:50,2073-01-01
COMP_00427,Pothole near bus stop at Jayanagar,roads,BBMP Roads,High,12.87759135,77.66594556,Pending,11:45:13,2077-05-18
COMP_00428,No water supply in Indiranagar since 5 days,water,BWSSB,Critical,12.96601373,77.59006783,In Progress,08:41:51,2041-07-01
COMP_00429,Multiple cracks on road at Malleshwaram,roads,BBMP Roads,Medium,13.04900132,77.67470497,Pending,09:45:46,2069-02-21
COMP_00430,Electric pole damaged near MG Road,electricity,BESCOM,Critical,12.92876414,77.49895407,Pending,00:35:50,2056-10-05
COMP_00431,Water leakage reported at Koramangala,water,BWSSB,Critical,12.87628002,77.5856866,In Progress,12:21:03,2075-12-26
COMP_00432,Water leakage reported at Jayanagar,water,BWSSB,High,13.06701684,77.55637178,Pending,00:51:46,2111-04-29
COMP_00433,Broken water pipe flooding street at Koramangala,water,BWSSB,Critical,13.01444097,77.52896783,In Progress,09:30:13,2022-11-13
COMP_00434,Large pothole near Jayanagar causing traffic issues,roads,BBMP Roads,Medium,12.95643003,77.5495219,In Progress,01:58:55,2102-11-03
COMP_00435,Water leakage reported at Jayanagar,water,BWSSB,Critical,12.9798485,77.55856496,Pending,05:31:37,2102-09-04
COMP_00436,Transformer issue reported at Malleshwaram,electricity,BESCOM,Critical,13.06490525,77.66414508,Pending,08:04:14,2075-10-09
COMP_00437,Waste scattered on road at BTM Layout,garbage,BBMP Sanitation,High,13.00150667,77.65695384,Pending,22:52:16,2037-12-09
COMP_00438,Multiple cracks on road at Whitefield,roads,BBMP Roads,Medium,13.05647874,77.55176115,In Progress,06:44:47,2076-09-23
COMP_00439,Road surface damaged at Koramangala,roads,BBMP Roads,Medium,12.95927543,77.56358509,Pending,02:47:41,2059-07-27
COMP_00440,No water supply in BTM Layout since 7 days,water,BWSSB,Critical,12.9171002,77.69170517,Pending,03:58:43,2085-08-21
COMP_00441,Power outage in Koramangala for 10 days,electricity,BESCOM,High,12.91568017,77.62395615,Pending,11:18:47,2099-07-29
COMP_00442,Transformer issue reported at Koramangala,electricity,BESCOM,High,12.92835333,77.68484607,Pending,05:45:36,2096-09-13
COMP_00443,Waste scattered on road at MG Road,garbage,BBMP Sanitation,Medium,12.94055956,77.52252787,Pending,06:32:03,2032-12-11
COMP_00444,Broken water pipe flooding street at MG Road,water,BWSSB,Critical,12.90424049,77.63376373,In Progress,17:35:28,2092-02-05
COMP_00445,Water contamination issue at Koramangala,water,BWSSB,High,12.99955322,77.56340856,Pending,17:47:30,2061-01-24
COMP_00446,Water contamination issue at BTM Layout,water,BWSSB,High,12.89868665,77.65129167,Pending,00:54:42,2053-10-30
COMP_00447,Road surface damaged at Indiranagar,roads,BBMP Roads,High,12.94496287,77.61320599,Pending,09:21:04,2077-03-10
COMP_00448,Power outage in Jayanagar for 1 days,electricity,BESCOM,Critical,12.94273383,77.63959394,Pending,15:38:16,2087-02-26
COMP_00449,Road surface damaged at MG Road,roads,BBMP Roads,Medium,13.02818988,77.51239159,In Progress,03:58:52,2071-12-12
COMP_00450,Power outage in Indiranagar for 2 days,electricity,BESCOM,Critical,12.93398115,77.55601886,Pending,00:56:35,2113-05-31
COMP_00451,Illegal garbage dumping near Whitefield,garbage,BBMP Sanitation,High,12.92065232,77.60406838,Pending,06:43:34,2057-10-07
COMP_00452,Large pothole near BTM Layout causing traffic issues,roads,BBMP Roads,High,12.97706879,77.61631531,Pending,11:25:20,2104-12-16
COMP_00453,Pothole near bus stop at Yelahanka,roads,BBMP Roads,High,13.06202152,77.51224743,In Progress,19:10:41,2035-12-26
COMP_00454,Power outage in Indiranagar for 9 days,electricity,BESCOM,Critical,12.97735139,77.51706989,Pending,18:46:45,2070-12-29
COMP_00455,Water leakage reported at Koramangala,water,BWSSB,High,13.03103993,77.53617263,Pending,22:11:01,2116-02-28
COMP_00456,Road surface damaged at MG Road,roads,BBMP Roads,High,12.96182246,77.62271367,In Progress,19:09:29,2042-06-19
COMP_00457,Garbage not collected at Indiranagar for 8 days,garbage,BBMP Sanitation,Medium,13.0363923,77.66437209,Pending,23:06:08,2039-09-02
COMP_00458,Road surface damaged at MG Road,roads,BBMP Roads,Medium,13.00774983,77.64370475,Pending,07:18:18,2045-04-16
COMP_00459,Garbage not collected at Koramangala for 7 days,garbage,BBMP Sanitation,Medium,12.97706742,77.57255209,In Progress,18:15:07,2100-12-06
COMP_00460,Pothole near bus stop at Whitefield,roads,BBMP Roads,High,13.01608306,77.65012708,Pending,11:19:58,2111-02-16
COMP_00461,Pothole near bus stop at Indiranagar,roads,BBMP Roads,Medium,12.92963631,77.66117011,In Progress,04:15:51,2022-12-26
COMP_00462,Water leakage reported at BTM Layout,water,BWSSB,High,12.99202008,77.5930089,Pending,02:56:02,2086-03-16
COMP_00463,Power outage in BTM Layout for 1 days,electricity,BESCOM,Critical,13.07029409,77.61203972,Pending,14:47:49,2047-07-10
COMP_00464,Street lights not working at Whitefield,electricity,BESCOM,Critical,12.99522588,77.59521781,Pending,22:50:25,2079-06-23
COMP_00465,Illegal garbage dumping near Indiranagar,garbage,BBMP Sanitation,Medium,12.95767384,77.55513253,Pending,15:42:23,2061-07-25
COMP_00466,Water leakage reported at BTM Layout,water,BWSSB,Critical,12.87733153,77.60587844,In Progress,06:00:06,2020-09-28
COMP_00467,Water contamination issue at Yelahanka,water,BWSSB,Critical,13.01679416,77.68113375,In Progress,15:18:04,2098-11-27
COMP_00468,Road surface damaged at Yelahanka,roads,BBMP Roads,High,12.92908223,77.56407643,In Progress,11:58:36,2054-09-25
COMP_00469,Multiple cracks on road at Jayanagar,roads,BBMP Roads,High,12.96679992,77.6819632,In Progress,08:32:23,2029-05-08
COMP_00470,Overflowing dustbin at MG Road,garbage,BBMP Sanitation,Medium,12.95601686,77.59748639,In Progress,14:34:50,2112-09-28
COMP_00471,Water leakage reported at Koramangala,water,BWSSB,Critical,12.94771052,77.53691435,In Progress,17:23:08,2064-02-14
COMP_00472,Pothole near bus stop at MG Road,roads,BBMP Roads,High,12.98868058,77.6510293,Pending,12:27:54,2085-01-22
COMP_00473,Pothole near bus stop at Yelahanka,roads,BBMP Roads,Medium,13.04462508,77.56657935,Pending,14:24:16,2046-04-01
COMP_00474,Large pothole near BTM Layout causing traffic issues,roads,BBMP Roads,Medium,12.96880133,77.6857735,Pending,08:38:04,2034-04-25
COMP_00475,Transformer issue reported at BTM Layout,electricity,BESCOM,High,12.97962597,77.67630135,In Progress,18:57:40,2033-05-04
COMP_00476,Multiple cracks on road at BTM Layout,roads,BBMP Roads,Medium,13.06304786,77.53070784,In Progress,02:43:29,2110-09-09
COMP_00477,Power outage in Malleshwaram for 1 days,electricity,BESCOM,Critical,12.98594593,77.54093275,In Progress,20:06:34,2085-11-15
COMP_00478,Waste scattered on road at Whitefield,garbage,BBMP Sanitation,Medium,12.99547615,77.53624367,In Progress,19:24:59,2078-08-22
COMP_00479,Broken water pipe flooding street at MG Road,water,BWSSB,High,12.96071833,77.65660928,Pending,19:05:40,2108-03-06
COMP_00480,Overflowing dustbin at Koramangala,garbage,BBMP Sanitation,Medium,13.02389887,77.61511064,Pending,09:10:47,2079-08-29
COMP_00481,Broken water pipe flooding street at Whitefield,water,BWSSB,High,13.06321073,77.56072723,In Progress,13:07:50,2039-06-12
COMP_00482,Large pothole near BTM Layout causing traffic issues,roads,BBMP Roads,High,12.93055796,77.57231895,Pending,17:49:32,2021-07-25
COMP_00483,Multiple cracks on road at Jayanagar,roads,BBMP Roads,High,12.92603258,77.6884891,In Progress,03:30:53,2099-05-02
COMP_00484,Illegal garbage dumping near Whitefield,garbage,BBMP Sanitation,High,12.92589985,77.56269641,In Progress,21:42:14,2024-06-12
COMP_00485,Large pothole near Jayanagar causing traffic issues,roads,BBMP Roads,Medium,12.95518471,77.61978014,Pending,10:47:01,2026-05-06
COMP_00486,Pothole near bus stop at Whitefield,roads,BBMP Roads,High,12.991386,77.68009881,Pending,12:30:51,2083-07-07
COMP_00487,Transformer issue reported at Indiranagar,electricity,BESCOM,High,12.8778169,77.54796373,In Progress,00:01:40,2066-08-24
COMP_00488,Large pothole near Jayanagar causing traffic issues,roads,BBMP Roads,High,13.06769113,77.49667146,In Progress,00:10:21,2040-07-12
COMP_00489,Garbage not collected at Malleshwaram for 3 days,garbage,BBMP Sanitation,High,12.88079968,77.53797435,Pending,02:05:04,2082-10-10
COMP_00490,Broken water pipe flooding street at Whitefield,water,BWSSB,Critical,13.03552473,77.69090881,In Progress,06:32:36,2107-05-06
COMP_00491,Electric pole damaged near Yelahanka,electricity,BESCOM,High,12.99030391,77.60092078,In Progress,16:22:37,2099-06-27
COMP_00492,Broken water pipe flooding street at Whitefield,water,BWSSB,High,12.9249351,77.58248462,Pending,21:32:27,2091-09-19
COMP_00493,Pothole near bus stop at Whitefield,roads,BBMP Roads,High,12.95803696,77.51582091,In Progress,00:10:33,2091-07-09
COMP_00494,Waste scattered on road at Indiranagar,garbage,BBMP Sanitation,High,13.0338762,77.68038001,In Progress,13:52:28,2115-09-19
COMP_00495,Broken water pipe flooding street at Koramangala,water,BWSSB,Critical,13.026821,77.54386477,Pending,10:38:36,2031-05-10
COMP_00496,Overflowing dustbin at Malleshwaram,garbage,BBMP Sanitation,High,13.06684506,77.68083935,Pending,16:32:12,2114-01-21
COMP_00497,Broken water pipe flooding street at Whitefield,water,BWSSB,High,12.99164358,77.61734715,Pending,12:05:52,2100-11-07
COMP_00498,Waste scattered on road at Koramangala,garbage,BBMP Sanitation,Medium,12.89656715,77.69116934,Pending,00:38:18,2053-12-31
COMP_00499,Road surface damaged at Jayanagar,roads,BBMP Roads,Medium,13.01776112,77.63140958,In Progress,07:03:14,2026-10-26
COMP_00500,Large pothole near MG Road causing traffic issues,roads,BBMP Roads,Medium,12.91973556,77.51149816,Pending,09:15:33,2029-07-18
COMP_00501,Electric pole damaged near Indiranagar,electricity,BESCOM,High,12.92099275,77.67782553,Pending,21:50:38,2045-11-04
COMP_00502,Illegal garbage dumping near Indiranagar,garbage,BBMP Sanitation,High,13.03610832,77.49774403,Pending,04:22:16,2075-12-21
COMP_00503,Garbage not collected at Yelahanka for 1 days,garbage,BBMP Sanitation,High,13.00067733,77.68217378,Pending,10:27:43,2056-10-28
COMP_00504,Illegal garbage dumping near Koramangala,garbage,BBMP Sanitation,High,12.95665671,77.60047508,Pending,22:54:50,2048-12-29
COMP_00505,Street lights not working at Whitefield,electricity,BESCOM,Critical,13.04801126,77.58453761,In Progress,07:56:37,2111-04-29
COMP_00506,Overflowing dustbin at BTM Layout,garbage,BBMP Sanitation,Medium,12.89773146,77.4994899,In Progress,02:41:07,2027-07-19
COMP_00507,Large pothole near MG Road causing traffic issues,roads,BBMP Roads,Medium,12.93140312,77.61289331,In Progress,00:34:26,2065-03-05
COMP_00508,Large pothole near Yelahanka causing traffic issues,roads,BBMP Roads,Medium,12.88907963,77.63089924,In Progress,14:20:47,2049-10-02
COMP_00509,Large pothole near Malleshwaram causing traffic issues,roads,BBMP Roads,Medium,12.87330208,77.66739321,Pending,04:55:00,2107-08-07
COMP_00510,Overflowing dustbin at Jayanagar,garbage,BBMP Sanitation,Medium,12.96205472,77.58308387,In Progress,04:21:09,2082-12-26
COMP_00511,Overflowing dustbin at MG Road,garbage,BBMP Sanitation,High,12.96867938,77.62493964,In Progress,10:32:44,2055-09-26
COMP_00512,Electric pole damaged near Jayanagar,electricity,BESCOM,Critical,13.05484829,77.66725865,Pending,02:38:54,2106-06-04
COMP_00513,Garbage not collected at BTM Layout for 10 days,garbage,BBMP Sanitation,High,13.02024906,77.60473633,Pending,06:56:34,2090-12-11
COMP_00514,No water supply in Malleshwaram since 6 days,water,BWSSB,High,13.02425922,77.58021328,In Progress,23:44:52,2069-01-21
COMP_00515,Pothole near bus stop at Yelahanka,roads,BBMP Roads,High,13.00873664,77.68852141,Pending,01:29:20,2103-04-23
COMP_00516,Electric pole damaged near Jayanagar,electricity,BESCOM,High,12.91234704,77.63923737,In Progress,00:41:24,2020-01-07
COMP_00517,Transformer issue reported at Malleshwaram,electricity,BESCOM,Critical,13.0157144,77.50408183,In Progress,20:11:20,2114-09-03
COMP_00518,Large pothole near BTM Layout causing traffic issues,roads,BBMP Roads,High,13.00329969,77.51056611,In Progress,08:24:49,2111-07-03
COMP_00519,Multiple cracks on road at Indiranagar,roads,BBMP Roads,High,12.87729537,77.50734883,In Progress,21:54:50,2053-10-30
COMP_00520,Road surface damaged at Whitefield,roads,BBMP Roads,High,12.94904691,77.68088419,Pending,08:30:02,2047-05-21
COMP_00521,Large pothole near MG Road causing traffic issues,roads,BBMP Roads,High,13.0678613,77.66591483,Pending,15:40:29,2082-02-17
COMP_00522,Transformer issue reported at Indiranagar,electricity,BESCOM,Critical,13.05808324,77.50841974,Pending,15:48:25,2112-02-21
COMP_00523,Multiple cracks on road at Koramangala,roads,BBMP Roads,Medium,12.93554442,77.56538099,Pending,05:37:01,2099-11-18
COMP_00524,Multiple cracks on road at Malleshwaram,roads,BBMP Roads,High,12.92949559,77.62809773,In Progress,07:33:27,2048-12-23
COMP_00525,Large pothole near Jayanagar causing traffic issues,roads,BBMP Roads,Medium,13.02122164,77.65703575,Pending,02:15:13,2101-09-09
COMP_00526,Waste scattered on road at Whitefield,garbage,BBMP Sanitation,High,12.97358325,77.50546477,In Progress,00:34:41,2096-05-29
COMP_00527,Electric pole damaged near MG Road,electricity,BESCOM,High,12.95274762,77.50722491,Pending,01:49:48,2113-08-30
COMP_00528,Multiple cracks on road at Whitefield,roads,BBMP Roads,Medium,12.95877707,77.68224084,Pending,23:55:47,2037-07-21
COMP_00529,Illegal garbage dumping near Koramangala,garbage,BBMP Sanitation,High,12.98507374,77.6646935,Pending,18:20:11,2108-08-16
COMP_00530,Street lights not working at Indiranagar,electricity,BESCOM,High,12.9486474,77.63596903,In Progress,12:14:34,2040-01-06
COMP_00531,Electric pole damaged near Yelahanka,electricity,BESCOM,High,12.90031871,77.64150573,In Progress,08:03:38,2063-05-08
COMP_00532,Overflowing dustbin at BTM Layout,garbage,BBMP Sanitation,Medium,13.01785294,77.52624541,In Progress,14:40:28,2069-11-07
COMP_00533,Large pothole near Koramangala causing traffic issues,roads,BBMP Roads,High,12.99638536,77.67839997,Pending,18:05:29,2041-09-07
COMP_00534,Street lights not working at Malleshwaram,electricity,BESCOM,Critical,12.94622508,77.62347013,Pending,13:05:04,2069-04-01
COMP_00535,Multiple cracks on road at Yelahanka,roads,BBMP Roads,High,12.88344834,77.57432756,In Progress,17:56:08,2085-04-20
COMP_00536,Power outage in Yelahanka for 4 days,electricity,BESCOM,Critical,13.06193799,77.58213599,Pending,21:32:54,2107-05-30
COMP_00537,Waste scattered on road at Malleshwaram,garbage,BBMP Sanitation,High,13.03190818,77.68645154,In Progress,15:39:04,2061-08-31
COMP_00538,Illegal garbage dumping near MG Road,garbage,BBMP Sanitation,Medium,12.88275802,77.55647468,Pending,05:22:22,2039-01-30
COMP_00539,Water contamination issue at Malleshwaram,water,BWSSB,High,12.9643471,77.52441831,Pending,16:16:41,2091-08-16
COMP_00540,Pothole near bus stop at Malleshwaram,roads,BBMP Roads,Medium,13.00087477,77.5361224,In Progress,08:49:10,2066-02-22
COMP_00541,Multiple cracks on road at Malleshwaram,roads,BBMP Roads,High,12.91178509,77.5855445,Pending,18:40:36,2065-03-14
COMP_00542,Road surface damaged at MG Road,roads,BBMP Roads,Medium,13.05852422,77.64306551,In Progress,03:38:42,2089-02-25
COMP_00543,Broken water pipe flooding street at Jayanagar,water,BWSSB,Critical,13.01411711,77.50238049,In Progress,01:15:01,2108-05-13
COMP_00544,Overflowing dustbin at MG Road,garbage,BBMP Sanitation,High,12.9085162,77.49756764,In Progress,08:57:59,2080-07-02
COMP_00545,Garbage not collected at Whitefield for 6 days,garbage,BBMP Sanitation,Medium,12.87446937,77.58484506,In Progress,14:33:28,2034-06-10
COMP_00546,Pothole near bus stop at BTM Layout,roads,BBMP Roads,Medium,12.95130752,77.56158506,Pending,10:02:03,2074-12-10
COMP_00547,Large pothole near Whitefield causing traffic issues,roads,BBMP Roads,High,12.92008888,77.58130784,In Progress,04:22:59,2103-04-26
COMP_00548,Large pothole near Whitefield causing traffic issues,roads,BBMP Roads,High,13.03176631,77.67956295,Pending,00:51:25,2080-10-16
COMP_00549,Water leakage reported at Indiranagar,water,BWSSB,High,12.90429673,77.53052607,Pending,15:35:23,2080-10-02
COMP_00550,Transformer issue reported at Indiranagar,electricity,BESCOM,High,12.87479386,77.58705847,In Progress,09:07:32,2112-04-26
COMP_00551,Overflowing dustbin at Koramangala,garbage,BBMP Sanitation,High,12.9113644,77.56887018,Pending,14:12:32,2078-07-23
COMP_00552,Broken water pipe flooding street at BTM Layout,water,BWSSB,High,12.90979365,77.65253655,Pending,15:11:04,2064-02-27
COMP_00553,Large pothole near Koramangala causing traffic issues,roads,BBMP Roads,High,12.91434553,77.67728389,Pending,01:38:04,2090-04-03
COMP_00554,Road surface damaged at BTM Layout,roads,BBMP Roads,Medium,13.03371966,77.65523991,Pending,11:38:54,2098-09-30
COMP_00555,Transformer issue reported at Malleshwaram,electricity,BESCOM,High,12.88763223,77.51828032,Pending,07:24:51,2064-04-17
COMP_00556,Power outage in MG Road for 2 days,electricity,BESCOM,Critical,12.90721821,77.67486999,Pending,13:50:52,2100-09-05
COMP_00557,Garbage not collected at Jayanagar for 6 days,garbage,BBMP Sanitation,Medium,12.96352651,77.6637079,In Progress,11:57:02,2086-06-17
COMP_00558,Power outage in Whitefield for 9 days,electricity,BESCOM,Critical,13.06857428,77.49983921,Pending,06:53:02,2111-01-13
COMP_00559,Large pothole near BTM Layout causing traffic issues,roads,BBMP Roads,Medium,12.97388134,77.59992409,Pending,23:33:26,2114-09-10
COMP_00560,Overflowing dustbin at Whitefield,garbage,BBMP Sanitation,Medium,12.99875475,77.58542652,Pending,07:08:54,2056-10-03
COMP_00561,No water supply in Jayanagar since 7 days,water,BWSSB,Critical,13.0662093,77.50459449,In Progress,23:23:46,2099-04-04
COMP_00562,Illegal garbage dumping near Indiranagar,garbage,BBMP Sanitation,High,12.87492261,77.50034601,Pending,14:48:00,2072-04-06
COMP_00563,Transformer issue reported at MG Road,electricity,BESCOM,High,12.89506019,77.51403038,Pending,13:17:16,2093-10-17
COMP_00564,Electric pole damaged near MG Road,electricity,BESCOM,Critical,12.943083,77.66739048,In Progress,19:07:20,2057-08-27
COMP_00565,Transformer issue reported at Koramangala,electricity,BESCOM,High,12.92407434,77.61034556,In Progress,00:13:43,2036-04-27
COMP_00566,Large pothole near Malleshwaram causing traffic issues,roads,BBMP Roads,Medium,13.00635553,77.67679028,Pending,18:13:30,2111-10-25
COMP_00567,Multiple cracks on road at Malleshwaram,roads,BBMP Roads,High,13.04442591,77.59817097,In Progress,06:03:50,2048-08-11
COMP_00568,Garbage not collected at MG Road for 4 days,garbage,BBMP Sanitation,Medium,13.01137465,77.51410766,Pending,12:49:29,2100-12-07
COMP_00569,Broken water pipe flooding street at Indiranagar,water,BWSSB,High,12.87813277,77.51975757,Pending,03:08:46,2109-05-23
COMP_00570,Multiple cracks on road at BTM Layout,roads,BBMP Roads,High,13.06540648,77.5086375,In Progress,10:01:49,2050-10-10
COMP_00571,Street lights not working at Whitefield,electricity,BESCOM,Critical,12.88663475,77.5994522,Pending,06:02:46,2068-10-25
COMP_00572,Transformer issue reported at Malleshwaram,electricity,BESCOM,Critical,13.04420983,77.52084793,Pending,18:36:07,2055-11-14
COMP_00573,Pothole near bus stop at Whitefield,roads,BBMP Roads,Medium,12.9702399,77.57801059,In Progress,02:53:21,2031-09-19
COMP_00574,Water leakage reported at BTM Layout,water,BWSSB,High,12.89434273,77.63436673,In Progress,02:47:19,2111-12-18
COMP_00575,Illegal garbage dumping near Indiranagar,garbage,BBMP Sanitation,High,12.96942126,77.67989607,In Progress,10:50:26,2031-08-02
COMP_00576,Illegal garbage dumping near Koramangala,garbage,BBMP Sanitation,High,13.04128683,77.57694692,Pending,22:28:22,2056-08-27
COMP_00577,Electric pole damaged near Yelahanka,electricity,BESCOM,Critical,12.93249785,77.53296398,In Progress,10:25:50,2054-06-15
COMP_00578,Overflowing dustbin at Whitefield,garbage,BBMP Sanitation,High,13.01310113,77.58851647,In Progress,18:27:24,2098-09-21
COMP_00579,Garbage not collected at Yelahanka for 4 days,garbage,BBMP Sanitation,High,12.93331484,77.68634177,Pending,04:33:15,2022-11-24
COMP_00580,Power outage in Jayanagar for 5 days,electricity,BESCOM,High,13.0529709,77.52514414,In Progress,03:32:58,2033-10-05
COMP_00581,Transformer issue reported at Yelahanka,electricity,BESCOM,High,12.8828729,77.60747031,In Progress,14:03:52,2028-04-16
COMP_00582,Road surface damaged at Yelahanka,roads,BBMP Roads,Medium,12.94011766,77.50343361,In Progress,23:25:28,2066-04-19
COMP_00583,Road surface damaged at BTM Layout,roads,BBMP Roads,High,12.98981877,77.51075295,In Progress,00:17:43,2040-06-22
COMP_00584,Multiple cracks on road at Jayanagar,roads,BBMP Roads,High,13.02838721,77.68708049,In Progress,05:12:27,2037-02-04
COMP_00585,Large pothole near Yelahanka causing traffic issues,roads,BBMP Roads,High,12.95075625,77.61187289,Pending,05:06:37,2098-06-16
COMP_00586,Broken water pipe flooding street at MG Road,water,BWSSB,Critical,13.02840871,77.65044823,In Progress,18:41:50,2049-03-18
COMP_00587,Large pothole near Malleshwaram causing traffic issues,roads,BBMP Roads,High,12.87859188,77.58871273,In Progress,21:51:06,2106-06-28
COMP_00588,Street lights not working at Yelahanka,electricity,BESCOM,Critical,12.99488674,77.50589179,In Progress,12:35:04,2103-03-23
COMP_00589,Power outage in Jayanagar for 1 days,electricity,BESCOM,Critical,12.88798915,77.51475014,Pending,08:14:05,2030-05-27
COMP_00590,Illegal garbage dumping near Whitefield,garbage,BBMP Sanitation,Medium,12.97118484,77.50070266,In Progress,11:49:04,2071-12-12
COMP_00591,Electric pole damaged near Yelahanka,electricity,BESCOM,Critical,12.94384088,77.68442394,Pending,17:54:47,2110-11-25
COMP_00592,Power outage in Indiranagar for 3 days,electricity,BESCOM,Critical,12.98781197,77.50552496,Pending,17:43:14,2052-05-19
COMP_00593,Illegal garbage dumping near Malleshwaram,garbage,BBMP Sanitation,High,12.91875787,77.50977385,Pending,02:07:44,2100-12-23
COMP_00594,Large pothole near Yelahanka causing traffic issues,roads,BBMP Roads,Medium,13.02466116,77.6543539,In Progress,02:58:29,2042-12-05
COMP_00595,Electric pole damaged near Jayanagar,electricity,BESCOM,Critical,13.05006949,77.54176248,Pending,12:44:36,2056-11-28
COMP_00596,Water leakage reported at MG Road,water,BWSSB,High,12.96159185,77.49898489,In Progress,14:46:31,2074-05-16
COMP_00597,Power outage in Jayanagar for 8 days,electricity,BESCOM,Critical,13.01380027,77.61194792,In Progress,01:24:46,2053-09-23
COMP_00598,Illegal garbage dumping near Yelahanka,garbage,BBMP Sanitation,High,12.9476387,77.65578347,Pending,05:12:46,2090-02-20
COMP_00599,Pothole near bus stop at Whitefield,roads,BBMP Roads,High,13.01961017,77.53019143,Pending,11:36:03,2025-10-02
COMP_00600,Overflowing dustbin at Indiranagar,garbage,BBMP Sanitation,High,13.03068718,77.56667005,Pending,13:34:26,2046-06-28
COMP_00601,Large pothole near MG Road causing traffic issues,roads,BBMP Roads,Medium,13.05656592,77.67555982,Pending,19:31:34,2083-05-30
COMP_00602,Street lights not working at Malleshwaram,electricity,BESCOM,High,12.99321539,77.61744424,In Progress,21:30:50,2029-06-27
COMP_00603,Water contamination issue at MG Road,water,BWSSB,Critical,12.97052001,77.59165291,In Progress,12:34:13,2091-02-13
COMP_00604,Power outage in Malleshwaram for 9 days,electricity,BESCOM,Critical,13.00641556,77.5798296,In Progress,04:13:10,2028-06-17
COMP_00605,Water contamination issue at Indiranagar,water,BWSSB,High,12.88408778,77.6709843,In Progress,08:18:39,2115-02-18
COMP_00606,Illegal garbage dumping near Yelahanka,garbage,BBMP Sanitation,High,13.01364738,77.53292511,In Progress,04:16:08,2035-05-02
COMP_00607,Illegal garbage dumping near Jayanagar,garbage,BBMP Sanitation,High,13.05258215,77.50845878,Pending,21:20:12,2066-05-24
COMP_00608,Multiple cracks on road at Whitefield,roads,BBMP Roads,Medium,13.04869864,77.66486686,Pending,15:53:16,2076-04-30
COMP_00609,Multiple cracks on road at Indiranagar,roads,BBMP Roads,Medium,13.04334345,77.67043559,Pending,10:44:23,2100-12-04
COMP_00610,Pothole near bus stop at BTM Layout,roads,BBMP Roads,High,12.87270057,77.56305554,Pending,22:21:30,2083-12-09
COMP_00611,Street lights not working at Koramangala,electricity,BESCOM,Critical,13.0530867,77.63921143,In Progress,17:57:22,2026-02-05
COMP_00612,Garbage not collected at BTM Layout for 5 days,garbage,BBMP Sanitation,Medium,12.97784438,77.53087591,Pending,09:42:36,2100-05-12
COMP_00613,Waste scattered on road at Malleshwaram,garbage,BBMP Sanitation,Medium,12.87970239,77.55545561,Pending,04:10:22,2043-12-15
COMP_00614,Road surface damaged at BTM Layout,roads,BBMP Roads,Medium,13.06154438,77.67955258,Pending,11:51:59,2096-08-29
COMP_00615,Street lights not working at Koramangala,electricity,BESCOM,High,12.97793386,77.52711649,Pending,02:37:26,2088-03-22
COMP_00616,Electric pole damaged near Koramangala,electricity,BESCOM,Critical,12.8911286,77.59926905,In Progress,21:35:38,2057-05-27
COMP_00617,Street lights not working at MG Road,electricity,BESCOM,Critical,12.88151061,77.52898743,In Progress,18:18:07,2069-03-30
COMP_00618,Broken water pipe flooding street at Yelahanka,water,BWSSB,Critical,13.03563382,77.57637362,Pending,20:23:16,2068-04-19
COMP_00619,Water contamination issue at Malleshwaram,water,BWSSB,High,13.03988509,77.54117562,In Progress,15:01:02,2025-02-09
COMP_00620,Pothole near bus stop at Yelahanka,roads,BBMP Roads,Medium,13.04094103,77.57321725,In Progress,08:18:40,2020-09-19
COMP_00621,Waste scattered on road at Whitefield,garbage,BBMP Sanitation,Medium,13.03210893,77.61876518,Pending,23:38:34,2078-10-25
COMP_00622,No water supply in MG Road since 1 days,water,BWSSB,Critical,13.00226882,77.51816596,Pending,19:49:18,2110-10-13
COMP_00623,Garbage not collected at Koramangala for 3 days,garbage,BBMP Sanitation,Medium,12.9054881,77.62855068,In Progress,20:37:23,2111-04-13
COMP_00624,Electric pole damaged near Jayanagar,electricity,BESCOM,Critical,13.0055993,77.69455876,In Progress,16:06:40,2099-04-13
COMP_00625,Water contamination issue at Jayanagar,water,BWSSB,High,12.97133619,77.52561758,Pending,17:05:39,2082-05-15
COMP_00626,Water contamination issue at Jayanagar,water,BWSSB,High,12.9748714,77.59627646,Pending,18:57:34,2073-09-10
COMP_00627,Pothole near bus stop at MG Road,roads,BBMP Roads,Medium,12.99239263,77.50512536,Pending,17:49:36,2024-07-16
COMP_00628,Water contamination issue at BTM Layout,water,BWSSB,High,12.91464461,77.67643334,In Progress,13:35:43,2043-06-08
COMP_00629,Transformer issue reported at BTM Layout,electricity,BESCOM,High,12.93152449,77.65944022,Pending,21:32:43,2055-05-17
COMP_00630,Waste scattered on road at Malleshwaram,garbage,BBMP Sanitation,High,12.88167268,77.49824774,In Progress,18:30:48,2042-02-17
COMP_00631,Road surface damaged at Indiranagar,roads,BBMP Roads,High,12.96628521,77.61416377,Pending,06:51:10,2065-07-24
COMP_00632,Street lights not working at Malleshwaram,electricity,BESCOM,Critical,12.90790249,77.55858101,Pending,03:06:31,2054-11-23
COMP_00633,Water leakage reported at Jayanagar,water,BWSSB,High,12.97454809,77.61490768,In Progress,20:34:18,2099-08-04
COMP_00634,Pothole near bus stop at Indiranagar,roads,BBMP Roads,High,12.98555068,77.65493073,Pending,02:57:49,2076-02-29
COMP_00635,Power outage in BTM Layout for 4 days,electricity,BESCOM,Critical,12.94818878,77.52670324,In Progress,21:16:08,2062-07-02
COMP_00636,Street lights not working at BTM Layout,electricity,BESCOM,Critical,13.00740256,77.57686465,Pending,00:10:35,2106-02-22
COMP_00637,Overflowing dustbin at Jayanagar,garbage,BBMP Sanitation,High,12.97524148,77.60487933,Pending,08:09:30,2066-08-24
COMP_00638,Road surface damaged at Jayanagar,roads,BBMP Roads,High,12.95869029,77.61822837,In Progress,07:14:57,2032-12-04
COMP_00639,Road surface damaged at Koramangala,roads,BBMP Roads,Medium,12.98494891,77.55367015,In Progress,15:00:52,2052-06-27
COMP_00640,Street lights not working at MG Road,electricity,BESCOM,Critical,12.99334676,77.62203489,Pending,14:12:43,2028-02-01
COMP_00641,Pothole near bus stop at Yelahanka,roads,BBMP Roads,Medium,12.98458908,77.57167054,In Progress,22:23:36,2025-09-08
COMP_00642,Power outage in Koramangala for 6 days,electricity,BESCOM,Critical,13.02143315,77.54370122,In Progress,09:54:16,2086-10-30
COMP_00643,Waste scattered on road at Jayanagar,garbage,BBMP Sanitation,Medium,13.04787929,77.54135886,Pending,03:59:23,2044-09-01
COMP_00644,Electric pole damaged near BTM Layout,electricity,BESCOM,High,13.01014796,77.53661795,In Progress,13:07:54,2108-02-12
COMP_00645,Power outage in Yelahanka for 1 days,electricity,BESCOM,High,12.95891829,77.53674368,In Progress,13:04:20,2091-10-01
COMP_00646,No water supply in Koramangala since 8 days,water,BWSSB,Critical,13.00545908,77.6373799,Pending,11:38:50,2109-07-27
COMP_00647,Power outage in Jayanagar for 1 days,electricity,BESCOM,High,12.89721599,77.68590661,Pending,20:58:38,2044-10-18
COMP_00648,Transformer issue reported at Yelahanka,electricity,BESCOM,Critical,12.9371035,77.54097541,Pending,16:34:57,2061-06-19
COMP_00649,No water supply in Koramangala since 10 days,water,BWSSB,High,12.88498626,77.64078841,In Progress,09:03:20,2075-08-21
COMP_00650,Power outage in Yelahanka for 2 days,electricity,BESCOM,High,13.01335729,77.52801268,Pending,19:59:31,2073-06-26
COMP_00651,Transformer issue reported at Yelahanka,electricity,BESCOM,Critical,12.89502507,77.64903599,In Progress,10:01:38,2043-07-10
COMP_00652,Electric pole damaged near Jayanagar,electricity,BESCOM,High,12.88293901,77.64068404,Pending,04:58:09,2106-02-04
COMP_00653,Water contamination issue at BTM Layout,water,BWSSB,High,12.97848354,77.52718963,In Progress,19:30:58,2075-07-01
COMP_00654,Water leakage reported at Koramangala,water,BWSSB,High,12.9423613,77.55175912,In Progress,18:41:37,2068-01-30
COMP_00655,Water contamination issue at Whitefield,water,BWSSB,High,12.88913008,77.57138867,Pending,06:47:18,2032-06-05
COMP_00656,Street lights not working at Whitefield,electricity,BESCOM,High,12.90120887,77.60770221,In Progress,19:15:57,2062-02-13
COMP_00657,Road surface damaged at Koramangala,roads,BBMP Roads,High,12.96785621,77.6032814,Pending,20:52:12,2098-10-14
COMP_00658,Garbage not collected at MG Road for 9 days,garbage,BBMP Sanitation,Medium,12.9567878,77.67408843,In Progress,03:44:07,2049-01-29
COMP_00659,Large pothole near Malleshwaram causing traffic issues,roads,BBMP Roads,Medium,12.91273458,77.69131315,In Progress,14:14:49,2055-12-31
COMP_00660,No water supply in Yelahanka since 10 days,water,BWSSB,High,13.05968606,77.51694074,Pending,11:18:40,2086-07-02
COMP_00661,Street lights not working at Jayanagar,electricity,BESCOM,High,12.92510061,77.62215781,Pending,09:12:57,2111-01-05
COMP_00662,Garbage not collected at Malleshwaram for 10 days,garbage,BBMP Sanitation,Medium,12.87364901,77.67987539,In Progress,00:01:04,2028-02-22
COMP_00663,No water supply in BTM Layout since 10 days,water,BWSSB,Critical,12.95858172,77.53837846,In Progress,04:32:18,2105-01-05
COMP_00664,Multiple cracks on road at Jayanagar,roads,BBMP Roads,Medium,13.04060223,77.54867878,In Progress,11:43:11,2053-10-05
COMP_00665,Illegal garbage dumping near Jayanagar,garbage,BBMP Sanitation,High,12.97789972,77.57984273,In Progress,00:46:06,2061-08-01
COMP_00666,Road surface damaged at Malleshwaram,roads,BBMP Roads,High,12.9219966,77.5765206,Pending,20:31:05,2033-11-26
COMP_00667,Power outage in Indiranagar for 5 days,electricity,BESCOM,High,12.96614967,77.5655759,Pending,23:11:38,2093-06-17
COMP_00668,Road surface damaged at MG Road,roads,BBMP Roads,High,12.91853516,77.54610166,In Progress,00:31:10,2045-05-25
COMP_00669,Water leakage reported at Yelahanka,water,BWSSB,High,13.00786297,77.53141132,Pending,13:02:25,2025-07-11
COMP_00670,Electric pole damaged near Indiranagar,electricity,BESCOM,Critical,12.96775105,77.60007426,In Progress,19:56:49,2045-02-27
COMP_00671,Pothole near bus stop at Jayanagar,roads,BBMP Roads,Medium,12.87589553,77.57520573,Pending,13:06:21,2108-11-01
COMP_00672,Pothole near bus stop at Koramangala,roads,BBMP Roads,Medium,12.92024958,77.52285022,In Progress,11:29:02,2079-04-18
COMP_00673,No water supply in Indiranagar since 3 days,water,BWSSB,High,12.95113453,77.56554159,In Progress,09:58:51,2037-12-06
COMP_00674,Illegal garbage dumping near MG Road,garbage,BBMP Sanitation,Medium,12.90843315,77.51478341,In Progress,01:10:25,2112-11-01
COMP_00675,Road surface damaged at Whitefield,roads,BBMP Roads,Medium,13.01515588,77.56246052,Pending,23:35:14,2021-05-23
COMP_00676,Road surface damaged at Jayanagar,roads,BBMP Roads,Medium,13.02376246,77.53661362,In Progress,09:16:33,2063-05-18
COMP_00677,Road surface damaged at Jayanagar,roads,BBMP Roads,Medium,12.94993546,77.61532612,In Progress,19:48:29,2062-08-02
COMP_00678,Water contamination issue at Jayanagar,water,BWSSB,High,12.93449242,77.65062192,Pending,19:10:17,2112-02-15
COMP_00679,Electric pole damaged near Yelahanka,electricity,BESCOM,Critical,12.95975038,77.6605788,Pending,00:18:32,2108-11-16
COMP_00680,Overflowing dustbin at Whitefield,garbage,BBMP Sanitation,High,12.95313399,77.58111897,Pending,19:18:49,2042-01-25
COMP_00681,Overflowing dustbin at Malleshwaram,garbage,BBMP Sanitation,Medium,12.94971794,77.51197258,In Progress,07:02:26,2043-02-06
COMP_00682,Water leakage reported at Koramangala,water,BWSSB,High,12.95478746,77.49837348,Pending,15:04:11,2026-04-29
COMP_00683,Waste scattered on road at BTM Layout,garbage,BBMP Sanitation,High,13.03757675,77.57557326,Pending,22:11:56,2056-03-23
COMP_00684,Street lights not working at Jayanagar,electricity,BESCOM,Critical,12.88557868,77.51900012,Pending,04:56:13,2044-05-13
COMP_00685,Waste scattered on road at Indiranagar,garbage,BBMP Sanitation,Medium,13.01446735,77.50418,In Progress,15:28:01,2115-06-15
COMP_00686,Water contamination issue at Indiranagar,water,BWSSB,Critical,12.92806984,77.53401424,Pending,14:02:25,2106-03-18
COMP_00687,Overflowing dustbin at BTM Layout,garbage,BBMP Sanitation,Medium,12.90156958,77.52453181,In Progress,04:51:19,2035-01-22
COMP_00688,Broken water pipe flooding street at MG Road,water,BWSSB,High,13.01964805,77.62312895,In Progress,10:43:00,2060-08-29
COMP_00689,Water leakage reported at Malleshwaram,water,BWSSB,High,13.02701846,77.51457432,Pending,20:54:53,2097-12-12
COMP_00690,Electric pole damaged near Yelahanka,electricity,BESCOM,Critical,12.957835,77.54874295,In Progress,01:23:35,2067-05-04
COMP_00691,Transformer issue reported at MG Road,electricity,BESCOM,High,12.89730832,77.67493614,In Progress,20:26:39,2109-11-27
COMP_00692,Multiple cracks on road at Koramangala,roads,BBMP Roads,High,13.06864157,77.58364494,Pending,19:20:35,2041-06-05
COMP_00693,Water contamination issue at MG Road,water,BWSSB,Critical,12.91454095,77.62936953,In Progress,22:56:31,2034-10-17
COMP_00694,No water supply in Jayanagar since 5 days,water,BWSSB,Critical,13.00197921,77.5418238,In Progress,08:39:24,2032-08-16
COMP_00695,Pothole near bus stop at BTM Layout,roads,BBMP Roads,High,13.04615584,77.60374765,In Progress,00:28:22,2040-10-04
COMP_00696,Broken water pipe flooding street at Koramangala,water,BWSSB,High,12.99793311,77.68136953,Pending,23:13:51,2072-07-06
COMP_00697,Water leakage reported at Indiranagar,water,BWSSB,High,12.99600928,77.6360718,In Progress,18:45:46,2094-06-03
COMP_00698,Large pothole near BTM Layout causing traffic issues,roads,BBMP Roads,High,12.8988667,77.67994288,Pending,07:37:35,2082-08-03
COMP_00699,Power outage in BTM Layout for 9 days,electricity,BESCOM,High,12.91780642,77.67364914,Pending,07:09:26,2065-12-28
COMP_00700,Electric pole damaged near Koramangala,electricity,BESCOM,High,12.98647033,77.64545453,In Progress,18:49:57,2068-08-06
COMP_00701,Broken water pipe flooding street at Malleshwaram,water,BWSSB,Critical,12.97017861,77.60947198,In Progress,16:53:48,2039-09-11
COMP_00702,Transformer issue reported at Malleshwaram,electricity,BESCOM,High,12.91156151,77.50689468,In Progress,18:00:31,2041-04-03
COMP_00703,No water supply in Jayanagar since 3 days,water,BWSSB,Critical,12.89758216,77.67280777,Pending,00:51:41,2050-12-03
COMP_00704,Broken water pipe flooding street at BTM Layout,water,BWSSB,High,12.95831374,77.61344939,Pending,02:53:07,2044-02-03
COMP_00705,Pothole near bus stop at Whitefield,roads,BBMP Roads,High,12.98414258,77.61384149,Pending,13:35:19,2033-10-15
COMP_00706,Street lights not working at BTM Layout,electricity,BESCOM,High,13.00682397,77.62856604,Pending,08:16:27,2074-10-08
COMP_00707,Power outage in Jayanagar for 6 days,electricity,BESCOM,High,12.94160106,77.51020844,Pending,16:03:03,2028-06-30
COMP_00708,Transformer issue reported at Yelahanka,electricity,BESCOM,High,13.07122085,77.63773619,In Progress,13:33:09,2105-09-10
COMP_00709,Transformer issue reported at Yelahanka,electricity,BESCOM,High,12.99104275,77.57014585,Pending,05:14:39,2039-06-07
COMP_00710,Water leakage reported at Koramangala,water,BWSSB,High,12.94928714,77.62270728,Pending,14:55:21,2102-04-03
COMP_00711,Power outage in BTM Layout for 5 days,electricity,BESCOM,Critical,12.90577333,77.63566584,Pending,00:13:55,2070-01-03
COMP_00712,Street lights not working at Jayanagar,electricity,BESCOM,High,12.96879267,77.688843,Pending,19:12:23,2059-05-17
COMP_00713,Pothole near bus stop at Malleshwaram,roads,BBMP Roads,Medium,12.95159082,77.52556882,In Progress,03:24:17,2088-01-12
COMP_00714,Transformer issue reported at Whitefield,electricity,BESCOM,High,12.88850909,77.51856813,Pending,10:42:23,2071-12-20
COMP_00715,Transformer issue reported at Indiranagar,electricity,BESCOM,Critical,12.89508085,77.54222479,In Progress,11:55:18,2035-01-10
COMP_00716,Water leakage reported at Yelahanka,water,BWSSB,Critical,12.94883018,77.50870727,In Progress,19:30:38,2113-11-28
COMP_00717,Broken water pipe flooding street at Malleshwaram,water,BWSSB,Critical,13.0354357,77.49501531,Pending,19:31:44,2025-02-21
COMP_00718,No water supply in Koramangala since 8 days,water,BWSSB,High,12.9624904,77.50175322,Pending,04:35:06,2063-04-01
COMP_00719,Garbage not collected at Jayanagar for 4 days,garbage,BBMP Sanitation,High,12.97283095,77.61269353,Pending,18:06:27,2063-03-11
COMP_00720,Water leakage reported at MG Road,water,BWSSB,High,12.92638196,77.67356652,In Progress,18:29:52,2021-10-15
COMP_00721,Broken water pipe flooding street at BTM Layout,water,BWSSB,Critical,12.96168631,77.66155943,Pending,13:55:14,2046-03-08
COMP_00722,Power outage in Jayanagar for 4 days,electricity,BESCOM,Critical,12.94015636,77.64662255,In Progress,13:08:12,2065-08-08
COMP_00723,Power outage in Indiranagar for 5 days,electricity,BESCOM,High,13.05637745,77.5541374,Pending,16:18:15,2058-07-01
COMP_00724,Water leakage reported at Malleshwaram,water,BWSSB,Critical,12.98131451,77.61145635,In Progress,03:48:05,2070-01-02
COMP_00725,Street lights not working at Jayanagar,electricity,BESCOM,Critical,13.04709475,77.5797768,In Progress,01:00:42,2020-06-24
COMP_00726,Multiple cracks on road at Whitefield,roads,BBMP Roads,High,12.95329723,77.56799423,In Progress,03:05:21,2049-06-24
COMP_00727,Water contamination issue at Malleshwaram,water,BWSSB,High,13.05529944,77.66782391,In Progress,11:07:23,2104-09-29
COMP_00728,Multiple cracks on road at Koramangala,roads,BBMP Roads,High,12.98683106,77.66143109,In Progress,02:56:36,2043-02-16
COMP_00729,Multiple cracks on road at Indiranagar,roads,BBMP Roads,Medium,12.94033032,77.55428143,Pending,16:10:28,2056-10-29
COMP_00730,Street lights not working at Malleshwaram,electricity,BESCOM,Critical,13.01509957,77.52000279,Pending,12:50:32,2095-11-18
COMP_00731,Large pothole near MG Road causing traffic issues,roads,BBMP Roads,Medium,13.01567728,77.56148942,Pending,10:52:00,2113-12-04
COMP_00732,Waste scattered on road at Indiranagar,garbage,BBMP Sanitation,High,13.0341484,77.50464348,Pending,01:07:15,2083-10-25
COMP_00733,Broken water pipe flooding street at BTM Layout,water,BWSSB,Critical,12.96465385,77.61013024,In Progress,13:47:32,2096-12-02
COMP_00734,Water leakage reported at Yelahanka,water,BWSSB,High,13.00003983,77.64551942,In Progress,01:41:47,2042-05-06
COMP_00735,No water supply in Whitefield since 8 days,water,BWSSB,High,12.8924062,77.56209105,Pending,13:57:06,2111-05-09
COMP_00736,Water leakage reported at Whitefield,water,BWSSB,Critical,12.91772918,77.62827441,In Progress,13:20:56,2098-07-26
COMP_00737,Illegal garbage dumping near Koramangala,garbage,BBMP Sanitation,High,12.92093081,77.59696615,Pending,09:16:00,2082-07-16
COMP_00738,Electric pole damaged near Yelahanka,electricity,BESCOM,Critical,12.897152,77.68897067,In Progress,03:09:37,2069-02-17
COMP_00739,Transformer issue reported at MG Road,electricity,BESCOM,Critical,13.02135664,77.56679571,In Progress,20:14:17,2095-01-04
COMP_00740,Waste scattered on road at Whitefield,garbage,BBMP Sanitation,Medium,12.98432971,77.62100148,Pending,22:20:38,2028-04-11
COMP_00741,Power outage in Koramangala for 1 days,electricity,BESCOM,High,13.0118171,77.64310738,In Progress,22:10:04,2022-03-25
COMP_00742,Street lights not working at Yelahanka,electricity,BESCOM,High,12.89831266,77.64593995,In Progress,15:12:35,2040-08-31
COMP_00743,Overflowing dustbin at Yelahanka,garbage,BBMP Sanitation,Medium,12.88452267,77.63121162,Pending,23:30:04,2027-01-29
COMP_00744,Road surface damaged at BTM Layout,roads,BBMP Roads,High,12.88713546,77.64541139,In Progress,01:47:46,2062-09-21
COMP_00745,Water leakage reported at MG Road,water,BWSSB,High,12.9686539,77.58578783,Pending,17:44:15,2063-07-07
COMP_00746,Large pothole near Whitefield causing traffic issues,roads,BBMP Roads,High,13.03481202,77.64125231,In Progress,00:05:39,2100-04-18
COMP_00747,Illegal garbage dumping near Indiranagar,garbage,BBMP Sanitation,High,13.03761743,77.68959711,Pending,01:56:11,2060-05-07
COMP_00748,Waste scattered on road at BTM Layout,garbage,BBMP Sanitation,High,13.03812245,77.61502493,In Progress,17:11:14,2078-07-16
COMP_00749,Waste scattered on road at Whitefield,garbage,BBMP Sanitation,High,13.07104159,77.60248413,Pending,09:46:17,2110-10-11
COMP_00750,Water contamination issue at Malleshwaram,water,BWSSB,High,13.03365623,77.63955833,In Progress,18:58:17,2079-08-12
COMP_00751,Street lights not working at Yelahanka,electricity,BESCOM,High,12.9481791,77.54187013,In Progress,07:43:54,2033-03-20
COMP_00752,Garbage not collected at Yelahanka for 4 days,garbage,BBMP Sanitation,High,12.91484996,77.50495255,In Progress,06:52:49,2070-02-06
COMP_00753,Water contamination issue at BTM Layout,water,BWSSB,High,13.02833549,77.49874114,In Progress,11:42:57,2096-08-08
COMP_00754,Electric pole damaged near Yelahanka,electricity,BESCOM,Critical,12.9478075,77.50469313,Pending,02:30:20,2067-11-27
COMP_00755,Road surface damaged at Koramangala,roads,BBMP Roads,High,13.02495167,77.67776234,Pending,09:30:56,2074-01-09
COMP_00756,Overflowing dustbin at Koramangala,garbage,BBMP Sanitation,High,12.93914641,77.51410617,Pending,17:31:53,2082-03-29
COMP_00757,Illegal garbage dumping near Indiranagar,garbage,BBMP Sanitation,High,12.90067849,77.68525223,Pending,19:42:22,2116-02-09
COMP_00758,Multiple cracks on road at BTM Layout,roads,BBMP Roads,Medium,13.02458104,77.65365886,In Progress,23:52:41,2024-05-31
COMP_00759,Large pothole near MG Road causing traffic issues,roads,BBMP Roads,Medium,12.95127961,77.52002603,In Progress,19:34:40,2029-02-26
COMP_00760,Illegal garbage dumping near Yelahanka,garbage,BBMP Sanitation,Medium,13.0483102,77.51224392,In Progress,05:21:13,2079-02-17
COMP_00761,Large pothole near Yelahanka causing traffic issues,roads,BBMP Roads,Medium,13.05766697,77.63762884,Pending,05:31:36,2038-12-06
COMP_00762,Street lights not working at MG Road,electricity,BESCOM,High,12.96200715,77.60683765,In Progress,14:15:41,2067-12-30
COMP_00763,Large pothole near Yelahanka causing traffic issues,roads,BBMP Roads,High,12.92300859,77.60076224,Pending,11:47:52,2039-07-14
COMP_00764,Large pothole near Whitefield causing traffic issues,roads,BBMP Roads,High,12.99937878,77.62991761,In Progress,10:06:53,2049-04-18
COMP_00765,Broken water pipe flooding street at Koramangala,water,BWSSB,High,13.06463681,77.49751797,Pending,14:27:15,2039-12-21
COMP_00766,No water supply in Koramangala since 8 days,water,BWSSB,Critical,12.9999104,77.65553873,In Progress,07:27:54,2046-06-30
COMP_00767,Waste scattered on road at BTM Layout,garbage,BBMP Sanitation,High,13.02602992,77.56869847,Pending,05:38:04,2076-01-01
COMP_00768,Waste scattered on road at MG Road,garbage,BBMP Sanitation,High,12.94994514,77.62813282,Pending,18:08:57,2077-11-04
COMP_00769,Pothole near bus stop at Yelahanka,roads,BBMP Roads,Medium,13.00754673,77.6464483,Pending,19:56:07,2098-09-06
COMP_00770,Broken water pipe flooding street at Jayanagar,water,BWSSB,High,12.98791436,77.54980784,Pending,00:05:03,2107-09-21
COMP_00771,Overflowing dustbin at Indiranagar,garbage,BBMP Sanitation,High,12.98368318,77.51176328,Pending,10:34:44,2032-12-19
COMP_00772,Street lights not working at Indiranagar,electricity,BESCOM,Critical,13.01034024,77.581926,In Progress,06:22:40,2116-08-01
COMP_00773,Water leakage reported at Jayanagar,water,BWSSB,High,12.88426089,77.52076218,In Progress,04:58:04,2047-05-26
COMP_00774,Power outage in Koramangala for 2 days,electricity,BESCOM,Critical,12.92244587,77.5995152,Pending,03:32:41,2049-07-25
COMP_00775,Power outage in Yelahanka for 4 days,electricity,BESCOM,Critical,12.8834195,77.63322803,In Progress,17:17:36,2051-09-08
COMP_00776,No water supply in Malleshwaram since 8 days,water,BWSSB,High,12.89117733,77.55369313,In Progress,03:37:30,2048-10-20
COMP_00777,Waste scattered on road at Koramangala,garbage,BBMP Sanitation,Medium,12.88454612,77.57481629,In Progress,22:09:41,2029-04-20
COMP_00778,Broken water pipe flooding street at Yelahanka,water,BWSSB,Critical,13.04328338,77.49713295,In Progress,07:38:03,2067-01-15
COMP_00779,Broken water pipe flooding street at Indiranagar,water,BWSSB,Critical,12.91179453,77.59454799,Pending,10:43:23,2105-06-10
COMP_00780,No water supply in Yelahanka since 4 days,water,BWSSB,High,12.92092299,77.55316245,Pending,09:35:45,2077-11-12
COMP_00781,Power outage in MG Road for 2 days,electricity,BESCOM,Critical,12.9787074,77.49814272,Pending,20:59:11,2085-01-28
COMP_00782,Water contamination issue at Jayanagar,water,BWSSB,Critical,12.8978255,77.59092908,Pending,21:24:07,2114-02-10
COMP_00783,Garbage not collected at Yelahanka for 6 days,garbage,BBMP Sanitation,High,12.89676181,77.65100081,Pending,02:02:54,2069-04-21
COMP_00784,No water supply in Jayanagar since 6 days,water,BWSSB,Critical,13.03006368,77.53408582,In Progress,21:26:19,2038-03-20
COMP_00785,Garbage not collected at Malleshwaram for 5 days,garbage,BBMP Sanitation,High,12.91662166,77.63723784,Pending,12:11:27,2087-10-18
COMP_00786,Water contamination issue at Malleshwaram,water,BWSSB,Critical,12.89472649,77.50359496,In Progress,19:51:25,2086-10-21
COMP_00787,Water contamination issue at Jayanagar,water,BWSSB,High,12.97899498,77.49526193,In Progress,13:41:10,2078-08-15
COMP_00788,No water supply in MG Road since 5 days,water,BWSSB,Critical,12.96965701,77.52132569,In Progress,07:44:30,2039-06-02
COMP_00789,Electric pole damaged near Malleshwaram,electricity,BESCOM,Critical,12.99951741,77.68834886,In Progress,03:21:45,2029-07-03
COMP_00790,No water supply in Indiranagar since 2 days,water,BWSSB,Critical,12.87943901,77.56233591,Pending,02:10:01,2102-08-14
COMP_00791,Waste scattered on road at Whitefield,garbage,BBMP Sanitation,High,13.00934825,77.67167894,Pending,07:40:02,2091-01-12
COMP_00792,Power outage in Whitefield for 2 days,electricity,BESCOM,Critical,12.95446028,77.55881434,In Progress,08:35:21,2095-02-27
COMP_00793,No water supply in Yelahanka since 4 days,water,BWSSB,High,13.06307122,77.50689507,Pending,13:29:38,2109-06-08
COMP_00794,Water leakage reported at Jayanagar,water,BWSSB,Critical,12.93137878,77.61490252,Pending,13:52:46,2056-05-02
COMP_00795,Electric pole damaged near BTM Layout,electricity,BESCOM,Critical,13.03565839,77.59850132,In Progress,14:27:28,2104-06-15
COMP_00796,Street lights not working at BTM Layout,electricity,BESCOM,High,12.89973601,77.62853358,In Progress,06:38:23,2112-05-30
COMP_00797,Large pothole near Indiranagar causing traffic issues,roads,BBMP Roads,Medium,13.04798395,77.50149598,Pending,21:18:19,2072-03-18
COMP_00798,Illegal garbage dumping near Jayanagar,garbage,BBMP Sanitation,Medium,12.98125173,77.59461853,In Progress,21:00:22,2114-07-20
COMP_00799,Pothole near bus stop at Koramangala,roads,BBMP Roads,Medium,12.97416047,77.50802667,Pending,22:15:07,2100-06-17
COMP_00800,Water contamination issue at MG Road,water,BWSSB,High,13.05333033,77.68080483,Pending,21:19:55,2084-12-31
COMP_00801,Water leakage reported at Jayanagar,water,BWSSB,High,12.94109063,77.49647231,In Progress,12:17:04,2053-06-08
COMP_00802,Broken water pipe flooding street at Malleshwaram,water,BWSSB,Critical,12.87544093,77.61568935,In Progress,03:02:29,2032-07-16
COMP_00803,Water leakage reported at Koramangala,water,BWSSB,Critical,12.99719246,77.66040495,Pending,06:48:52,2035-12-03
COMP_00804,Pothole near bus stop at Malleshwaram,roads,BBMP Roads,Medium,12.9597961,77.53797558,In Progress,03:09:59,2067-08-30
COMP_00805,Water leakage reported at Whitefield,water,BWSSB,High,13.06160579,77.58565361,Pending,04:07:28,2089-10-16
COMP_00806,Broken water pipe flooding street at Indiranagar,water,BWSSB,High,12.9176057,77.52132356,Pending,03:53:27,2098-11-19
COMP_00807,Water leakage reported at Koramangala,water,BWSSB,Critical,13.00225083,77.67999952,In Progress,21:24:51,2087-01-18
COMP_00808,Electric pole damaged near Yelahanka,electricity,BESCOM,Critical,12.94842771,77.62894273,Pending,23:25:21,2042-08-14
COMP_00809,Electric pole damaged near Koramangala,electricity,BESCOM,High,13.02867808,77.63852538,Pending,15:10:45,2107-02-20
COMP_00810,Transformer issue reported at Jayanagar,electricity,BESCOM,Critical,12.87224989,77.66793397,In Progress,03:53:24,2025-04-02
COMP_00811,Large pothole near Yelahanka causing traffic issues,roads,BBMP Roads,Medium,12.93030117,77.61628917,Pending,00:15:13,2056-03-19
COMP_00812,Road surface damaged at Whitefield,roads,BBMP Roads,High,12.95541891,77.58061589,In Progress,22:04:13,2051-11-28
COMP_00813,Garbage not collected at Yelahanka for 4 days,garbage,BBMP Sanitation,High,13.01662578,77.51600557,Pending,17:39:59,2065-06-21
COMP_00814,Road surface damaged at BTM Layout,roads,BBMP Roads,Medium,13.00030582,77.50350287,Pending,22:21:42,2115-03-15
COMP_00815,Large pothole near Whitefield causing traffic issues,roads,BBMP Roads,Medium,12.90804598,77.5110121,In Progress,14:35:56,2095-09-12
COMP_00816,Overflowing dustbin at Jayanagar,garbage,BBMP Sanitation,Medium,12.92591307,77.6291668,Pending,05:49:30,2076-12-14
COMP_00817,Broken water pipe flooding street at Whitefield,water,BWSSB,Critical,12.98228266,77.52766101,In Progress,04:40:17,2055-05-25
COMP_00818,Large pothole near BTM Layout causing traffic issues,roads,BBMP Roads,Medium,12.96992273,77.50442694,Pending,09:27:28,2072-05-19
COMP_00819,Pothole near bus stop at BTM Layout,roads,BBMP Roads,High,12.97925632,77.59319251,Pending,07:44:36,2070-03-12
COMP_00820,Water leakage reported at BTM Layout,water,BWSSB,High,12.93271087,77.64286737,Pending,09:58:29,2062-02-12
COMP_00821,Pothole near bus stop at Malleshwaram,roads,BBMP Roads,Medium,13.06563737,77.64467839,Pending,12:13:14,2026-04-07
COMP_00822,Power outage in Jayanagar for 5 days,electricity,BESCOM,Critical,12.90039948,77.56486817,In Progress,01:33:25,2096-08-06
COMP_00823,Multiple cracks on road at MG Road,roads,BBMP Roads,High,12.90391978,77.51917204,In Progress,01:04:44,2066-09-23
COMP_00824,Transformer issue reported at Whitefield,electricity,BESCOM,Critical,12.97334649,77.61848937,Pending,09:22:58,2042-10-26
COMP_00825,Overflowing dustbin at Yelahanka,garbage,BBMP Sanitation,Medium,12.87467143,77.54457289,Pending,06:41:43,2091-06-25
COMP_00826,Overflowing dustbin at Jayanagar,garbage,BBMP Sanitation,Medium,12.96510066,77.67672578,In Progress,04:18:51,2069-08-26
COMP_00827,Illegal garbage dumping near Indiranagar,garbage,BBMP Sanitation,High,12.94978688,77.65349987,Pending,07:12:54,2061-11-05
COMP_00828,Multiple cracks on road at BTM Layout,roads,BBMP Roads,High,13.02144976,77.51499868,Pending,00:04:43,2075-10-22
COMP_00829,Street lights not working at Whitefield,electricity,BESCOM,Critical,13.02442338,77.51288052,In Progress,10:59:25,2088-07-18
COMP_00830,Pothole near bus stop at MG Road,roads,BBMP Roads,Medium,13.04729821,77.60313574,Pending,13:19:49,2020-03-28
COMP_00831,Large pothole near MG Road causing traffic issues,roads,BBMP Roads,Medium,12.930282,77.58900804,In Progress,04:59:49,2107-05-02
COMP_00832,Power outage in Jayanagar for 8 days,electricity,BESCOM,High,12.99044638,77.66134918,Pending,10:32:16,2053-04-09
COMP_00833,No water supply in Yelahanka since 5 days,water,BWSSB,High,13.02605544,77.52164012,In Progress,17:49:42,2020-01-24
COMP_00834,Electric pole damaged near Whitefield,electricity,BESCOM,Critical,13.00375259,77.57776109,Pending,08:07:50,2071-07-16
COMP_00835,Electric pole damaged near BTM Layout,electricity,BESCOM,Critical,13.02851623,77.57010782,In Progress,05:09:53,2026-08-31
COMP_00836,Water leakage reported at BTM Layout,water,BWSSB,High,13.07102149,77.57451826,Pending,12:41:17,2066-12-02
COMP_00837,Overflowing dustbin at Malleshwaram,garbage,BBMP Sanitation,Medium,13.04942114,77.59691381,Pending,18:14:57,2043-02-04
COMP_00838,Illegal garbage dumping near Yelahanka,garbage,BBMP Sanitation,High,13.03075459,77.57056666,In Progress,14:10:21,2037-05-07
COMP_00839,Multiple cracks on road at Malleshwaram,roads,BBMP Roads,Medium,13.03414992,77.53087067,In Progress,06:02:19,2047-09-04
COMP_00840,Water leakage reported at BTM Layout,water,BWSSB,Critical,13.05182754,77.65969055,In Progress,09:07:57,2027-10-21
COMP_00841,Waste scattered on road at BTM Layout,garbage,BBMP Sanitation,High,12.89880297,77.56057833,Pending,21:28:20,2032-11-27
COMP_00842,Illegal garbage dumping near MG Road,garbage,BBMP Sanitation,High,12.98964465,77.67829334,In Progress,15:43:23,2039-10-15
COMP_00843,Water contamination issue at MG Road,water,BWSSB,Critical,13.02782448,77.55515966,In Progress,22:23:20,2091-03-23
COMP_00844,Multiple cracks on road at Indiranagar,roads,BBMP Roads,High,13.00536331,77.52689144,In Progress,19:41:32,2041-02-08
COMP_00845,Overflowing dustbin at BTM Layout,garbage,BBMP Sanitation,Medium,12.92585895,77.67608055,In Progress,13:03:41,2036-07-01
COMP_00846,Pothole near bus stop at Malleshwaram,roads,BBMP Roads,High,12.90818629,77.6887531,Pending,01:10:06,2039-06-06
COMP_00847,Multiple cracks on road at Yelahanka,roads,BBMP Roads,High,12.95748633,77.68497391,Pending,18:29:04,2061-08-20
COMP_00848,Illegal garbage dumping near MG Road,garbage,BBMP Sanitation,Medium,12.89515841,77.62845872,Pending,16:25:54,2086-11-07
COMP_00849,Water contamination issue at Yelahanka,water,BWSSB,Critical,13.0143997,77.59330536,In Progress,11:01:09,2021-05-19
COMP_00850,Overflowing dustbin at MG Road,garbage,BBMP Sanitation,Medium,13.0092134,77.68965674,Pending,05:54:38,2100-06-23
COMP_00851,Pothole near bus stop at MG Road,roads,BBMP Roads,Medium,12.93749296,77.65928401,Pending,22:49:38,2104-02-26
COMP_00852,Road surface damaged at Yelahanka,roads,BBMP Roads,High,13.03609013,77.5523955,In Progress,21:56:25,2073-09-09
COMP_00853,Electric pole damaged near Indiranagar,electricity,BESCOM,Critical,13.02409171,77.67609032,In Progress,22:59:09,2082-01-25
COMP_00854,Street lights not working at Jayanagar,electricity,BESCOM,Critical,13.03729122,77.5044284,In Progress,13:38:24,2084-02-03
COMP_00855,Electric pole damaged near Jayanagar,electricity,BESCOM,Critical,12.87370746,77.51346303,In Progress,19:55:31,2094-09-05
COMP_00856,Electric pole damaged near Koramangala,electricity,BESCOM,Critical,12.92013719,77.52046268,Pending,16:15:55,2028-08-28
COMP_00857,Garbage not collected at Jayanagar for 4 days,garbage,BBMP Sanitation,High,12.89845658,77.63060195,Pending,18:31:52,2080-08-07
COMP_00858,Power outage in Jayanagar for 5 days,electricity,BESCOM,High,12.91813118,77.60266077,Pending,13:24:51,2044-03-26
COMP_00859,Electric pole damaged near MG Road,electricity,BESCOM,High,12.98195737,77.57180098,Pending,03:12:18,2071-01-09
COMP_00860,Water contamination issue at BTM Layout,water,BWSSB,High,12.94102917,77.56095221,Pending,07:14:18,2089-12-19
COMP_00861,Water contamination issue at Indiranagar,water,BWSSB,Critical,12.96050487,77.59765607,In Progress,16:34:53,2095-05-11
COMP_00862,Water leakage reported at Whitefield,water,BWSSB,Critical,12.93283593,77.67370386,In Progress,16:31:02,2026-07-12
COMP_00863,Pothole near bus stop at Malleshwaram,roads,BBMP Roads,High,13.06180806,77.50424034,Pending,03:56:00,2102-10-01
COMP_00864,Street lights not working at Indiranagar,electricity,BESCOM,Critical,13.06315006,77.60026614,In Progress,17:58:44,2073-11-25
COMP_00865,Garbage not collected at BTM Layout for 2 days,garbage,BBMP Sanitation,Medium,13.01449178,77.55003371,Pending,17:00:21,2115-12-13
COMP_00866,Broken water pipe flooding street at Indiranagar,water,BWSSB,Critical,12.93236851,77.68721502,In Progress,04:22:28,2093-01-22
COMP_00867,Street lights not working at Whitefield,electricity,BESCOM,High,13.0564534,77.63483164,Pending,05:16:33,2021-05-26
COMP_00868,Transformer issue reported at Whitefield,electricity,BESCOM,High,12.96960964,77.52672866,Pending,00:43:07,2087-02-12
COMP_00869,Illegal garbage dumping near Indiranagar,garbage,BBMP Sanitation,High,12.87330736,77.52596243,In Progress,11:19:12,2067-03-02
COMP_00870,Overflowing dustbin at Malleshwaram,garbage,BBMP Sanitation,High,13.00677827,77.56905423,Pending,06:40:09,2067-12-11
COMP_00871,Street lights not working at Jayanagar,electricity,BESCOM,Critical,12.88941872,77.52490003,Pending,07:01:00,2031-07-06
COMP_00872,Street lights not working at Yelahanka,electricity,BESCOM,High,12.87594614,77.62722932,Pending,20:46:47,2110-01-17
COMP_00873,Water leakage reported at Yelahanka,water,BWSSB,Critical,13.04509558,77.62075659,In Progress,07:47:21,2043-05-01
COMP_00874,Water leakage reported at MG Road,water,BWSSB,High,12.97580065,77.66202985,In Progress,02:18:11,2065-09-26
COMP_00875,Broken water pipe flooding street at Koramangala,water,BWSSB,Critical,13.04569927,77.56546559,In Progress,12:07:48,2037-09-13
COMP_00876,Electric pole damaged near MG Road,electricity,BESCOM,High,12.91171235,77.520477,Pending,00:02:51,2046-07-22
COMP_00877,Waste scattered on road at Indiranagar,garbage,BBMP Sanitation,Medium,12.89028559,77.56531661,Pending,00:56:01,2096-09-09
COMP_00878,Large pothole near Indiranagar causing traffic issues,roads,BBMP Roads,High,13.03029692,77.54915957,Pending,13:57:57,2036-02-05
COMP_00879,No water supply in Whitefield since 8 days,water,BWSSB,Critical,12.98263095,77.60994754,In Progress,20:45:31,2097-07-23
COMP_00880,Road surface damaged at Koramangala,roads,BBMP Roads,Medium,12.94288544,77.49560317,Pending,13:20:16,2030-11-02
COMP_00881,Large pothole near MG Road causing traffic issues,roads,BBMP Roads,Medium,12.95990169,77.62284471,In Progress,15:43:48,2104-01-22
COMP_00882,Water contamination issue at Indiranagar,water,BWSSB,High,12.96833262,77.62809915,Pending,09:43:14,2043-03-22
COMP_00883,Garbage not collected at Yelahanka for 7 days,garbage,BBMP Sanitation,High,12.9486438,77.59881882,In Progress,20:11:07,2083-08-26
COMP_00884,No water supply in Koramangala since 1 days,water,BWSSB,Critical,12.88121064,77.61329639,Pending,12:24:13,2088-02-22
COMP_00885,Broken water pipe flooding street at Jayanagar,water,BWSSB,High,12.92299055,77.59900057,Pending,02:21:29,2072-01-22
COMP_00886,Water leakage reported at BTM Layout,water,BWSSB,Critical,12.98063375,77.69199257,Pending,01:58:01,2043-12-14
COMP_00887,Transformer issue reported at Yelahanka,electricity,BESCOM,Critical,12.98812042,77.62028209,In Progress,01:13:59,2031-10-26
COMP_00888,Pothole near bus stop at Yelahanka,roads,BBMP Roads,Medium,12.99119229,77.49536055,Pending,13:22:21,2107-08-10
COMP_00889,Garbage not collected at Whitefield for 5 days,garbage,BBMP Sanitation,High,12.90192947,77.68308028,Pending,09:05:19,2115-05-11
COMP_00890,Overflowing dustbin at MG Road,garbage,BBMP Sanitation,Medium,12.96858304,77.50775483,In Progress,03:46:13,2020-01-13
COMP_00891,Road surface damaged at Koramangala,roads,BBMP Roads,Medium,13.00217581,77.65770281,Pending,20:07:44,2027-02-24
COMP_00892,Illegal garbage dumping near Koramangala,garbage,BBMP Sanitation,Medium,13.00463435,77.67921864,In Progress,08:12:57,2060-02-16
COMP_00893,Electric pole damaged near Jayanagar,electricity,BESCOM,Critical,12.92300716,77.53687485,In Progress,09:21:37,2102-08-16
COMP_00894,No water supply in Whitefield since 6 days,water,BWSSB,Critical,12.90125705,77.60147753,Pending,07:44:30,2075-10-18
COMP_00895,Large pothole near Malleshwaram causing traffic issues,roads,BBMP Roads,Medium,12.88187908,77.61829336,In Progress,22:31:23,2065-12-25
COMP_00896,Multiple cracks on road at BTM Layout,roads,BBMP Roads,High,13.05995657,77.63761518,Pending,17:51:35,2028-02-04
COMP_00897,Pothole near bus stop at Indiranagar,roads,BBMP Roads,High,12.92168908,77.56410264,Pending,07:39:58,2025-11-08
COMP_00898,Water leakage reported at Jayanagar,water,BWSSB,Critical,12.98647005,77.61914655,Pending,05:45:33,2081-01-06
COMP_00899,Road surface damaged at BTM Layout,roads,BBMP Roads,Medium,12.98196815,77.59432588,Pending,07:42:37,2105-09-07
COMP_00900,Overflowing dustbin at Whitefield,garbage,BBMP Sanitation,Medium,12.92507065,77.50695103,In Progress,08:50:11,2076-04-07
COMP_00901,Water contamination issue at BTM Layout,water,BWSSB,Critical,12.94452834,77.51215706,Pending,12:08:56,2045-09-11
COMP_00902,Broken water pipe flooding street at BTM Layout,water,BWSSB,High,12.87777717,77.67554994,Pending,20:55:46,2078-11-02
COMP_00903,Power outage in Indiranagar for 7 days,electricity,BESCOM,High,12.94337593,77.56809427,Pending,23:50:19,2090-01-10
COMP_00904,Power outage in Whitefield for 2 days,electricity,BESCOM,High,12.94711911,77.66743481,Pending,17:54:05,2021-03-23
COMP_00905,Broken water pipe flooding street at Jayanagar,water,BWSSB,High,13.0089754,77.67973747,Pending,18:57:11,2103-03-20
COMP_00906,Multiple cracks on road at Whitefield,roads,BBMP Roads,Medium,12.92817124,77.51666728,Pending,06:48:18,2083-01-06
COMP_00907,Electric pole damaged near Malleshwaram,electricity,BESCOM,High,13.04437533,77.59686534,Pending,14:08:02,2031-01-16
COMP_00908,Street lights not working at Malleshwaram,electricity,BESCOM,Critical,12.99038975,77.64261518,Pending,05:45:23,2055-07-21
COMP_00909,Waste scattered on road at Jayanagar,garbage,BBMP Sanitation,High,12.89046689,77.66683151,Pending,02:39:29,2061-07-16
COMP_00910,Illegal garbage dumping near Malleshwaram,garbage,BBMP Sanitation,High,12.95889105,77.63091459,Pending,22:36:36,2077-09-18
COMP_00911,Transformer issue reported at Koramangala,electricity,BESCOM,Critical,13.00372888,77.5819652,In Progress,11:10:35,2099-11-24
COMP_00912,Pothole near bus stop at Yelahanka,roads,BBMP Roads,Medium,12.98060696,77.67333833,Pending,18:14:37,2054-09-19
COMP_00913,Transformer issue reported at Whitefield,electricity,BESCOM,High,13.06895401,77.51144804,Pending,04:56:51,2075-12-02
COMP_00914,Large pothole near Koramangala causing traffic issues,roads,BBMP Roads,Medium,12.99796579,77.55415533,Pending,04:02:37,2113-09-07
COMP_00915,Waste scattered on road at BTM Layout,garbage,BBMP Sanitation,High,12.93879634,77.62476641,In Progress,13:01:04,2083-07-29
COMP_00916,Street lights not working at MG Road,electricity,BESCOM,Critical,12.98971613,77.61317264,In Progress,04:03:04,2059-09-09
COMP_00917,Overflowing dustbin at Jayanagar,garbage,BBMP Sanitation,Medium,13.06102319,77.60415658,Pending,19:34:35,2112-12-19
COMP_00918,Broken water pipe flooding street at Jayanagar,water,BWSSB,High,13.04300627,77.59566291,In Progress,03:09:49,2022-12-14
COMP_00919,Broken water pipe flooding street at MG Road,water,BWSSB,High,12.94648737,77.62919352,Pending,00:29:25,2055-08-02
COMP_00920,Illegal garbage dumping near BTM Layout,garbage,BBMP Sanitation,Medium,13.04875475,77.56508446,In Progress,16:44:56,2098-04-28
COMP_00921,Pothole near bus stop at BTM Layout,roads,BBMP Roads,Medium,13.02317729,77.50483759,In Progress,03:12:19,2116-03-25
COMP_00922,Broken water pipe flooding street at Whitefield,water,BWSSB,Critical,12.91529187,77.58449627,In Progress,05:35:38,2094-10-11
COMP_00923,Street lights not working at MG Road,electricity,BESCOM,High,13.06679774,77.64288716,In Progress,11:57:59,2084-03-18
COMP_00924,Water contamination issue at Indiranagar,water,BWSSB,High,12.91831121,77.60968814,Pending,22:04:27,2074-07-03
COMP_00925,Transformer issue reported at Koramangala,electricity,BESCOM,High,13.03305452,77.65719254,Pending,12:35:56,2080-11-11
COMP_00926,Power outage in Koramangala for 6 days,electricity,BESCOM,Critical,12.94901723,77.52960412,Pending,11:20:11,2037-02-28
COMP_00927,Power outage in Indiranagar for 9 days,electricity,BESCOM,High,12.99001586,77.58345172,In Progress,21:36:18,2032-06-01
COMP_00928,Broken water pipe flooding street at Malleshwaram,water,BWSSB,Critical,12.96938525,77.62094358,In Progress,09:17:59,2025-05-14
COMP_00929,Broken water pipe flooding street at Whitefield,water,BWSSB,High,13.0055301,77.52492628,Pending,22:28:38,2029-10-02
COMP_00930,Transformer issue reported at Indiranagar,electricity,BESCOM,Critical,12.95255196,77.54475379,Pending,05:57:46,2033-08-02
COMP_00931,Broken water pipe flooding street at Whitefield,water,BWSSB,Critical,12.95489944,77.69063514,Pending,19:04:03,2049-12-03
COMP_00932,Water contamination issue at MG Road,water,BWSSB,High,12.8934203,77.50971992,In Progress,20:00:04,2095-11-19
COMP_00933,Water contamination issue at Indiranagar,water,BWSSB,Critical,12.95847687,77.55096305,In Progress,18:27:45,2069-12-17
COMP_00934,Pothole near bus stop at Indiranagar,roads,BBMP Roads,High,13.01501077,77.53328997,In Progress,17:09:06,2053-07-15
COMP_00935,Illegal garbage dumping near Malleshwaram,garbage,BBMP Sanitation,Medium,12.9321855,77.51099442,Pending,20:00:47,2069-09-28
COMP_00936,Transformer issue reported at Whitefield,electricity,BESCOM,Critical,13.00607968,77.63406936,Pending,02:27:14,2095-06-21
COMP_00937,Pothole near bus stop at Malleshwaram,roads,BBMP Roads,High,12.90248847,77.62084341,In Progress,12:46:24,2036-04-19
COMP_00938,Pothole near bus stop at Jayanagar,roads,BBMP Roads,Medium,12.93121752,77.6908924,Pending,23:03:03,2056-07-03
COMP_00939,Electric pole damaged near MG Road,electricity,BESCOM,High,13.05348872,77.56083417,In Progress,23:04:26,2032-11-02
COMP_00940,Transformer issue reported at Malleshwaram,electricity,BESCOM,High,12.8747983,77.54508073,In Progress,10:17:26,2048-05-01
COMP_00941,Water leakage reported at Jayanagar,water,BWSSB,High,12.93444521,77.60191399,Pending,17:51:14,2041-11-26
COMP_00942,Overflowing dustbin at Koramangala,garbage,BBMP Sanitation,High,13.07132204,77.60698149,Pending,03:16:30,2090-09-27
COMP_00943,Multiple cracks on road at Yelahanka,roads,BBMP Roads,Medium,12.92784904,77.66248566,In Progress,14:24:21,2053-05-12
COMP_00944,Illegal garbage dumping near MG Road,garbage,BBMP Sanitation,High,13.03411194,77.58147044,Pending,07:39:55,2083-02-09
COMP_00945,Street lights not working at Whitefield,electricity,BESCOM,High,13.01202969,77.55104686,Pending,12:27:50,2050-10-25
COMP_00946,Garbage not collected at Koramangala for 6 days,garbage,BBMP Sanitation,High,12.99899883,77.67695244,Pending,13:58:30,2058-07-23
COMP_00947,Multiple cracks on road at BTM Layout,roads,BBMP Roads,Medium,12.99605539,77.50904957,In Progress,22:02:07,2048-03-21
COMP_00948,Electric pole damaged near Koramangala,electricity,BESCOM,High,12.91427117,77.56858228,Pending,17:30:41,2065-08-02
COMP_00949,Waste scattered on road at BTM Layout,garbage,BBMP Sanitation,Medium,13.05470109,77.51642589,Pending,14:57:52,2107-06-22
COMP_00950,Multiple cracks on road at Jayanagar,roads,BBMP Roads,Medium,12.94297679,77.57033095,Pending,22:02:26,2066-07-06
COMP_00951,Street lights not working at MG Road,electricity,BESCOM,Critical,12.96123564,77.53065378,Pending,22:31:17,2104-01-23
COMP_00952,No water supply in MG Road since 10 days,water,BWSSB,Critical,12.90895413,77.50197938,Pending,23:53:42,2092-06-27
COMP_00953,Broken water pipe flooding street at BTM Layout,water,BWSSB,Critical,13.02587642,77.61405931,Pending,22:39:32,2035-09-11
COMP_00954,Transformer issue reported at Whitefield,electricity,BESCOM,High,13.03732686,77.5647401,Pending,15:14:29,2039-01-25
COMP_00955,Power outage in Malleshwaram for 8 days,electricity,BESCOM,Critical,12.92521236,77.54234758,In Progress,18:06:03,2054-10-19
COMP_00956,Illegal garbage dumping near Indiranagar,garbage,BBMP Sanitation,Medium,12.98935912,77.60422474,Pending,16:58:30,2086-04-07
COMP_00957,Water contamination issue at Yelahanka,water,BWSSB,High,13.02814574,77.68685447,Pending,03:33:23,2076-04-22
COMP_00958,Broken water pipe flooding street at Malleshwaram,water,BWSSB,Critical,12.99762892,77.68821955,Pending,23:31:28,2110-04-24
COMP_00959,Road surface damaged at Jayanagar,roads,BBMP Roads,Medium,12.95605865,77.49711646,Pending,04:23:06,2048-07-31
COMP_00960,Large pothole near Koramangala causing traffic issues,roads,BBMP Roads,Medium,13.00476198,77.63288141,In Progress,22:21:02,2107-06-18
COMP_00961,Multiple cracks on road at BTM Layout,roads,BBMP Roads,Medium,12.94179843,77.65488241,In Progress,15:53:41,2097-10-04
COMP_00962,Water leakage reported at Indiranagar,water,BWSSB,Critical,13.06168811,77.54773431,Pending,06:20:12,2091-12-26
COMP_00963,Road surface damaged at Whitefield,roads,BBMP Roads,High,12.89399924,77.64089917,Pending,22:45:52,2103-07-22
COMP_00964,Large pothole near MG Road causing traffic issues,roads,BBMP Roads,High,13.00826996,77.53031956,Pending,05:28:22,2079-03-30
COMP_00965,Street lights not working at Jayanagar,electricity,BESCOM,High,13.05733066,77.61917915,Pending,00:31:28,2039-06-12
COMP_00966,Illegal garbage dumping near Jayanagar,garbage,BBMP Sanitation,Medium,12.96384086,77.4978345,In Progress,21:50:46,2092-07-15
COMP_00967,Illegal garbage dumping near MG Road,garbage,BBMP Sanitation,Medium,13.02386051,77.63571125,Pending,14:19:01,2061-03-05
COMP_00968,Water contamination issue at Whitefield,water,BWSSB,Critical,12.95621862,77.65818941,Pending,20:18:37,2044-01-10
COMP_00969,Pothole near bus stop at Whitefield,roads,BBMP Roads,High,12.92470124,77.68424907,In Progress,04:54:02,2059-05-30
COMP_00970,Water contamination issue at Koramangala,water,BWSSB,Critical,12.89178358,77.65761214,In Progress,04:04:42,2063-09-14
COMP_00971,Road surface damaged at Malleshwaram,roads,BBMP Roads,Medium,12.88641533,77.67395608,In Progress,18:09:40,2053-10-16
COMP_00972,Power outage in Koramangala for 4 days,electricity,BESCOM,High,12.93052748,77.54321646,Pending,09:24:38,2083-08-02
COMP_00973,Street lights not working at Malleshwaram,electricity,BESCOM,High,13.05531933,77.61082126,Pending,06:18:58,2042-03-22
COMP_00974,Power outage in BTM Layout for 6 days,electricity,BESCOM,Critical,12.89499675,77.57769223,Pending,21:36:45,2058-07-16
COMP_00975,Transformer issue reported at Yelahanka,electricity,BESCOM,High,12.92963511,77.53765415,Pending,09:02:58,2036-11-04
COMP_00976,Waste scattered on road at Malleshwaram,garbage,BBMP Sanitation,Medium,13.01826311,77.6345248,Pending,04:48:10,2050-10-06
COMP_00977,Illegal garbage dumping near Indiranagar,garbage,BBMP Sanitation,High,12.90464567,77.56678902,In Progress,22:12:19,2051-06-11
COMP_00978,Overflowing dustbin at BTM Layout,garbage,BBMP Sanitation,Medium,12.89826876,77.59883116,Pending,21:03:02,2099-04-11
COMP_00979,Pothole near bus stop at MG Road,roads,BBMP Roads,High,12.8920078,77.54420542,In Progress,08:55:03,2044-02-08
COMP_00980,Illegal garbage dumping near Koramangala,garbage,BBMP Sanitation,Medium,13.01866622,77.56287324,In Progress,12:32:06,2098-03-19
COMP_00981,Waste scattered on road at Jayanagar,garbage,BBMP Sanitation,Medium,12.9594296,77.63538277,In Progress,20:10:11,2097-03-08
COMP_00982,Transformer issue reported at Indiranagar,electricity,BESCOM,Critical,12.96612197,77.64301554,In Progress,01:50:17,2061-06-13
COMP_00983,Large pothole near Yelahanka causing traffic issues,roads,BBMP Roads,High,12.94709547,77.6747252,In Progress,16:26:49,2100-11-13
COMP_00984,Street lights not working at Whitefield,electricity,BESCOM,Critical,13.0543657,77.56983823,In Progress,08:42:56,2069-01-19
COMP_00985,Water contamination issue at Jayanagar,water,BWSSB,High,12.89727773,77.52655952,Pending,15:05:53,2083-09-01
COMP_00986,Pothole near bus stop at Whitefield,roads,BBMP Roads,High,13.01576724,77.66757191,In Progress,06:47:04,2096-03-08
COMP_00987,No water supply in MG Road since 8 days,water,BWSSB,Critical,13.01800554,77.5753185,In Progress,20:39:43,2097-05-08
COMP_00988,Broken water pipe flooding street at MG Road,water,BWSSB,High,12.90249699,77.67124066,In Progress,18:50:24,2090-04-21
COMP_00989,Multiple cracks on road at BTM Layout,roads,BBMP Roads,Medium,12.9617519,77.57337708,In Progress,11:43:04,2028-10-23
COMP_00990,Broken water pipe flooding street at Koramangala,water,BWSSB,High,12.88128383,77.63840813,Pending,00:41:47,2026-08-25
COMP_00991,Waste scattered on road at Indiranagar,garbage,BBMP Sanitation,High,12.94241899,77.64289507,In Progress,19:50:22,2099-11-12
COMP_00992,Garbage not collected at MG Road for 8 days,garbage,BBMP Sanitation,Medium,12.94212548,77.52449456,Pending,21:53:17,2036-01-03
COMP_00993,Water leakage reported at Yelahanka,water,BWSSB,Critical,12.89353249,77.5266645,Pending,00:33:02,2060-07-14
COMP_00994,Overflowing dustbin at BTM Layout,garbage,BBMP Sanitation,High,13.03257106,77.50246624,In Progress,23:36:48,2070-05-31
COMP_00995,Transformer issue reported at Whitefield,electricity,BESCOM,Critical,13.06453578,77.6301122,Pending,17:28:44,2098-05-27
COMP_00996,Pothole near bus stop at Indiranagar,roads,BBMP Roads,High,12.95827265,77.52313196,Pending,21:25:12,2070-03-12
COMP_00997,Multiple cracks on road at MG Road,roads,BBMP Roads,High,13.02725984,77.62554383,Pending,12:36:21,2046-03-19
COMP_00998,Water contamination issue at Jayanagar,water,BWSSB,Critical,12.97019615,77.68621787,Pending,00:50:44,2110-12-21
COMP_00999,Broken water pipe flooding street at Koramangala,water,BWSSB,Critical,12.97836738,77.66391945,In Progress,11:33:52,2030-07-25
COMP_01000,Multiple cracks on road at Indiranagar,roads,BBMP Roads,Medium,12.90781532,77.59459109,Pending,02:22:08,2032-06-12
COMP_01001,Road surface damaged at Jayanagar,roads,BBMP Roads,Medium,12.91363948,77.53954675,Pending,18:40:56,2103-03-04
COMP_01002,Pothole near bus stop at Yelahanka,roads,BBMP Roads,High,13.03168582,77.59894007,Pending,05:37:08,2050-01-31
COMP_01003,Water leakage reported at BTM Layout,water,BWSSB,Critical,12.94411728,77.67572618,In Progress,03:46:56,2037-12-02
COMP_01004,Overflowing dustbin at MG Road,garbage,BBMP Sanitation,Medium,12.94430429,77.67049493,Pending,16:12:11,2076-11-08
COMP_01005,Water contamination issue at Koramangala,water,BWSSB,High,13.02319391,77.56990056,Pending,05:20:40,2088-04-13
COMP_01006,Pothole near bus stop at MG Road,roads,BBMP Roads,Medium,12.99345539,77.5112821,In Progress,05:57:08,2098-07-11
COMP_01007,Power outage in Indiranagar for 6 days,electricity,BESCOM,Critical,13.02913256,77.61064864,Pending,01:17:31,2036-09-07
COMP_01008,Multiple cracks on road at Whitefield,roads,BBMP Roads,High,12.89648022,77.5878505,In Progress,02:27:10,2073-07-05
COMP_01009,Waste scattered on road at Malleshwaram,garbage,BBMP Sanitation,Medium,12.92594441,77.5866594,Pending,20:56:54,2038-03-13
COMP_01010,Pothole near bus stop at Indiranagar,roads,BBMP Roads,Medium,13.0160812,77.61497516,Pending,18:20:33,2081-10-13
COMP_01011,Garbage not collected at Indiranagar for 9 days,garbage,BBMP Sanitation,High,12.91898575,77.51185277,In Progress,08:38:08,2088-08-19
COMP_01012,Electric pole damaged near Koramangala,electricity,BESCOM,Critical,12.87659773,77.67156176,In Progress,00:27:04,2087-07-01
COMP_01013,Electric pole damaged near Malleshwaram,electricity,BESCOM,High,13.04012766,77.5933785,In Progress,09:21:50,2032-11-24
COMP_01014,Large pothole near Malleshwaram causing traffic issues,roads,BBMP Roads,Medium,12.98548366,77.52476261,In Progress,13:54:24,2035-01-16
COMP_01015,Street lights not working at Whitefield,electricity,BESCOM,Critical,12.93820871,77.52380709,Pending,22:04:18,2039-07-13
COMP_01016,Water leakage reported at Jayanagar,water,BWSSB,Critical,12.98305523,77.63055718,Pending,03:03:21,2031-08-10
COMP_01017,Power outage in Jayanagar for 7 days,electricity,BESCOM,Critical,13.02086429,77.53601405,Pending,15:56:59,2088-10-03
COMP_01018,Transformer issue reported at BTM Layout,electricity,BESCOM,Critical,12.92100699,77.54737975,Pending,22:15:57,2040-05-23
COMP_01019,Road surface damaged at Yelahanka,roads,BBMP Roads,High,13.02435073,77.50487566,Pending,16:35:21,2058-05-28
COMP_01020,Garbage not collected at Jayanagar for 9 days,garbage,BBMP Sanitation,Medium,12.96602942,77.5697848,In Progress,13:09:28,2086-04-26
COMP_01021,Illegal garbage dumping near MG Road,garbage,BBMP Sanitation,High,13.06337819,77.49622526,Pending,01:13:28,2116-07-12
COMP_01022,Garbage not collected at BTM Layout for 5 days,garbage,BBMP Sanitation,Medium,12.87300298,77.6289893,Pending,17:14:28,2041-11-15
COMP_01023,Road surface damaged at BTM Layout,roads,BBMP Roads,Medium,12.87773629,77.59406242,In Progress,03:45:49,2053-11-05
COMP_01024,Street lights not working at Whitefield,electricity,BESCOM,High,12.96553449,77.52971732,Pending,08:58:51,2080-03-26
COMP_01025,No water supply in Yelahanka since 10 days,water,BWSSB,Critical,13.04881235,77.65641567,In Progress,05:45:14,2096-06-23
COMP_01026,Road surface damaged at Whitefield,roads,BBMP Roads,Medium,13.00678623,77.68190976,In Progress,18:42:13,2036-10-01
COMP_01027,Large pothole near Yelahanka causing traffic issues,roads,BBMP Roads,Medium,12.96350811,77.55705544,Pending,20:22:14,2068-06-21
COMP_01028,Transformer issue reported at Indiranagar,electricity,BESCOM,High,12.95868806,77.53404827,Pending,03:51:34,2043-05-15
COMP_01029,Street lights not working at Koramangala,electricity,BESCOM,High,12.94466887,77.67696791,Pending,06:45:16,2036-09-15
COMP_01030,Transformer issue reported at BTM Layout,electricity,BESCOM,High,12.89876106,77.51912108,In Progress,17:36:12,2085-10-02
COMP_01031,Power outage in Whitefield for 3 days,electricity,BESCOM,High,13.04581062,77.55217811,In Progress,12:10:42,2085-03-03
COMP_01032,Electric pole damaged near Malleshwaram,electricity,BESCOM,High,13.00014073,77.56573636,Pending,20:50:05,2053-12-15
COMP_01033,Waste scattered on road at Jayanagar,garbage,BBMP Sanitation,Medium,13.03746471,77.5894227,In Progress,03:05:25,2091-07-17
COMP_01034,Garbage not collected at Malleshwaram for 6 days,garbage,BBMP Sanitation,Medium,12.99488019,77.51635571,In Progress,19:14:24,2104-05-26
COMP_01035,No water supply in Yelahanka since 4 days,water,BWSSB,Critical,12.89622393,77.51872328,In Progress,19:27:26,2086-09-24
COMP_01036,Street lights not working at Jayanagar,electricity,BESCOM,High,13.00748237,77.69239469,In Progress,23:27:25,2071-06-06
COMP_01037,No water supply in Koramangala since 6 days,water,BWSSB,Critical,13.06676368,77.56744446,Pending,02:08:43,2105-07-11
COMP_01038,Street lights not working at BTM Layout,electricity,BESCOM,High,12.95543746,77.64915806,In Progress,19:51:37,2111-04-18
COMP_01039,Large pothole near Whitefield causing traffic issues,roads,BBMP Roads,High,12.96613675,77.54814379,Pending,10:39:55,2068-08-10
COMP_01040,Garbage not collected at Yelahanka for 3 days,garbage,BBMP Sanitation,Medium,12.99319851,77.50808653,In Progress,00:10:48,2030-09-13
COMP_01041,Pothole near bus stop at Koramangala,roads,BBMP Roads,Medium,12.89054702,77.53506668,Pending,06:19:53,2097-03-17
COMP_01042,Water leakage reported at Koramangala,water,BWSSB,Critical,13.04526226,77.66626043,In Progress,13:34:38,2093-02-23
COMP_01043,Water leakage reported at Koramangala,water,BWSSB,High,12.96950407,77.55698984,Pending,14:07:10,2078-10-21
COMP_01044,Illegal garbage dumping near Yelahanka,garbage,BBMP Sanitation,High,12.97702213,77.63156004,Pending,01:49:21,2040-03-15
COMP_01045,Electric pole damaged near Indiranagar,electricity,BESCOM,Critical,12.98956318,77.59367117,In Progress,13:13:54,2032-03-28
COMP_01046,Overflowing dustbin at Koramangala,garbage,BBMP Sanitation,Medium,12.9834305,77.58102124,In Progress,21:51:03,2052-12-25
COMP_01047,Road surface damaged at Whitefield,roads,BBMP Roads,Medium,13.0340435,77.68695461,Pending,00:14:03,2115-03-23
COMP_01048,Street lights not working at MG Road,electricity,BESCOM,Critical,13.00021576,77.66725841,In Progress,22:46:52,2037-08-02
COMP_01049,Pothole near bus stop at MG Road,roads,BBMP Roads,High,13.0626375,77.50016325,Pending,09:01:57,2082-01-03
COMP_01050,No water supply in Jayanagar since 7 days,water,BWSSB,High,12.99326227,77.52522392,Pending,12:50:08,2085-03-11
COMP_01051,Broken water pipe flooding street at Koramangala,water,BWSSB,High,12.98278112,77.68273649,Pending,09:29:29,2040-12-10
COMP_01052,Illegal garbage dumping near Malleshwaram,garbage,BBMP Sanitation,High,12.91093993,77.53347397,In Progress,00:45:15,2021-12-18
COMP_01053,Illegal garbage dumping near Whitefield,garbage,BBMP Sanitation,Medium,12.89852797,77.59561353,In Progress,17:24:31,2111-08-19
COMP_01054,Water leakage reported at Koramangala,water,BWSSB,High,12.97775675,77.52204357,In Progress,12:12:02,2049-12-19
COMP_01055,Water leakage reported at Whitefield,water,BWSSB,High,12.94791544,77.59318178,In Progress,06:45:58,2053-06-22
COMP_01056,Transformer issue reported at Indiranagar,electricity,BESCOM,High,12.96879383,77.68055396,In Progress,04:05:59,2064-09-20
COMP_01057,No water supply in BTM Layout since 4 days,water,BWSSB,Critical,12.9094659,77.49607738,In Progress,22:17:44,2020-12-11
COMP_01058,Water leakage reported at Jayanagar,water,BWSSB,High,12.98690394,77.54620595,In Progress,23:54:52,2049-12-13
COMP_01059,Large pothole near Whitefield causing traffic issues,roads,BBMP Roads,Medium,13.06167277,77.61744856,In Progress,15:04:30,2021-10-13
COMP_01060,Garbage not collected at BTM Layout for 2 days,garbage,BBMP Sanitation,Medium,12.96877863,77.615602,In Progress,02:06:06,2033-02-22
COMP_01061,No water supply in MG Road since 8 days,water,BWSSB,Critical,12.96743124,77.55448197,In Progress,01:12:01,2035-06-22
COMP_01062,Illegal garbage dumping near Yelahanka,garbage,BBMP Sanitation,Medium,12.99277701,77.63214658,Pending,06:47:41,2032-10-17
COMP_01063,Broken water pipe flooding street at Koramangala,water,BWSSB,Critical,12.96549253,77.59522554,Pending,06:11:14,2024-07-24
COMP_01064,Broken water pipe flooding street at BTM Layout,water,BWSSB,High,12.97359954,77.49837319,Pending,08:14:22,2084-11-21
COMP_01065,Large pothole near Yelahanka causing traffic issues,roads,BBMP Roads,Medium,13.01243997,77.54112683,Pending,19:47:02,2026-07-26
COMP_01066,Water contamination issue at Indiranagar,water,BWSSB,Critical,12.95794662,77.5917442,In Progress,21:47:33,2049-03-28
COMP_01067,Electric pole damaged near MG Road,electricity,BESCOM,Critical,12.8769921,77.51490557,In Progress,22:05:43,2024-05-10
COMP_01068,Street lights not working at Indiranagar,electricity,BESCOM,Critical,12.92574461,77.62662101,Pending,17:13:55,2020-08-11
COMP_01069,Large pothole near Malleshwaram causing traffic issues,roads,BBMP Roads,High,13.02462089,77.61665602,In Progress,03:31:19,2049-12-13
COMP_01070,Multiple cracks on road at Jayanagar,roads,BBMP Roads,High,12.93818354,77.50479895,Pending,16:09:20,2051-09-17
COMP_01071,Multiple cracks on road at Indiranagar,roads,BBMP Roads,High,13.05802097,77.65798045,Pending,18:37:16,2062-11-12
COMP_01072,Electric pole damaged near Whitefield,electricity,BESCOM,Critical,13.02816596,77.5173322,Pending,06:16:21,2098-06-06
COMP_01073,Pothole near bus stop at Jayanagar,roads,BBMP Roads,High,13.03089691,77.64269892,In Progress,12:58:41,2029-05-10
COMP_01074,Broken water pipe flooding street at Yelahanka,water,BWSSB,High,12.9801924,77.61194307,Pending,13:28:32,2104-09-23
COMP_01075,Garbage not collected at Indiranagar for 5 days,garbage,BBMP Sanitation,Medium,12.94862332,77.5232463,Pending,02:18:59,2081-07-13
COMP_01076,Overflowing dustbin at Indiranagar,garbage,BBMP Sanitation,Medium,12.94615022,77.49501304,In Progress,04:22:46,2054-10-01
COMP_01077,Garbage not collected at Indiranagar for 7 days,garbage,BBMP Sanitation,Medium,13.00805298,77.62136996,In Progress,12:41:16,2056-10-09
COMP_01078,Waste scattered on road at Malleshwaram,garbage,BBMP Sanitation,Medium,13.02601336,77.54119465,In Progress,20:08:37,2113-11-12
COMP_01079,Waste scattered on road at Jayanagar,garbage,BBMP Sanitation,Medium,12.88169395,77.49693897,Pending,21:01:35,2037-09-03
COMP_01080,Water leakage reported at Malleshwaram,water,BWSSB,High,13.06684716,77.49524178,Pending,23:43:45,2100-08-26
COMP_01081,Pothole near bus stop at BTM Layout,roads,BBMP Roads,High,13.01666709,77.50592796,In Progress,03:52:38,2074-11-20
COMP_01082,Broken water pipe flooding street at Indiranagar,water,BWSSB,High,13.05868199,77.53065615,Pending,17:09:18,2103-04-12
COMP_01083,Illegal garbage dumping near MG Road,garbage,BBMP Sanitation,Medium,12.95643119,77.63121504,Pending,08:09:25,2083-11-04
COMP_01084,Electric pole damaged near Whitefield,electricity,BESCOM,High,12.88839981,77.54296003,Pending,12:25:49,2043-06-19
COMP_01085,Large pothole near MG Road causing traffic issues,roads,BBMP Roads,Medium,12.99289985,77.54690883,Pending,16:39:35,2052-07-09
COMP_01086,Water leakage reported at BTM Layout,water,BWSSB,Critical,13.06201321,77.51025299,In Progress,10:56:13,2092-06-22
COMP_01087,Pothole near bus stop at MG Road,roads,BBMP Roads,High,13.00688394,77.58572737,In Progress,22:11:53,2023-02-18
COMP_01088,Electric pole damaged near Yelahanka,electricity,BESCOM,Critical,12.91615614,77.53960647,Pending,14:48:42,2101-05-04
COMP_01089,Road surface damaged at Jayanagar,roads,BBMP Roads,Medium,12.94299112,77.54640767,In Progress,21:37:42,2110-12-18
COMP_01090,Road surface damaged at BTM Layout,roads,BBMP Roads,High,12.95171499,77.59982463,In Progress,18:02:22,2101-03-02
COMP_01091,Multiple cracks on road at Jayanagar,roads,BBMP Roads,High,13.05299383,77.56293632,Pending,17:26:36,2105-02-05
COMP_01092,Waste scattered on road at Jayanagar,garbage,BBMP Sanitation,Medium,13.05421802,77.67706283,Pending,07:28:21,2088-12-25
COMP_01093,Water contamination issue at Indiranagar,water,BWSSB,Critical,12.99142863,77.64909076,In Progress,05:25:48,2073-09-25
COMP_01094,Illegal garbage dumping near Whitefield,garbage,BBMP Sanitation,High,13.03786525,77.54552491,Pending,00:58:20,2027-12-20
COMP_01095,Road surface damaged at Malleshwaram,roads,BBMP Roads,Medium,12.9302355,77.64085866,Pending,01:44:27,2027-09-26
COMP_01096,Road surface damaged at Koramangala,roads,BBMP Roads,High,12.98906683,77.64442257,Pending,05:53:52,2035-02-06
COMP_01097,Garbage not collected at MG Road for 9 days,garbage,BBMP Sanitation,High,12.90610285,77.54026837,In Progress,13:39:14,2105-07-12
COMP_01098,Electric pole damaged near Malleshwaram,electricity,BESCOM,High,12.94984483,77.52139085,In Progress,17:01:19,2045-09-26
COMP_01099,Overflowing dustbin at BTM Layout,garbage,BBMP Sanitation,High,12.97403904,77.51298882,Pending,20:32:38,2053-06-08
COMP_01100,Street lights not working at Malleshwaram,electricity,BESCOM,Critical,13.00911399,77.63491979,In Progress,21:57:06,2037-12-25
COMP_01101,Garbage not collected at Koramangala for 6 days,garbage,BBMP Sanitation,High,13.03209396,77.55132154,In Progress,08:40:13,2045-05-07
COMP_01102,Transformer issue reported at Koramangala,electricity,BESCOM,High,12.96760066,77.69410825,Pending,02:08:25,2033-06-29
COMP_01103,Garbage not collected at Whitefield for 7 days,garbage,BBMP Sanitation,Medium,12.94355251,77.65188057,In Progress,16:56:23,2058-03-14
COMP_01104,Water contamination issue at Jayanagar,water,BWSSB,Critical,12.94430694,77.58289336,Pending,10:52:03,2092-09-03
COMP_01105,Electric pole damaged near MG Road,electricity,BESCOM,Critical,12.98036101,77.64212235,Pending,09:51:57,2082-08-31
COMP_01106,Multiple cracks on road at Koramangala,roads,BBMP Roads,Medium,13.05783642,77.51850544,Pending,23:07:16,2084-07-15
COMP_01107,Garbage not collected at Yelahanka for 2 days,garbage,BBMP Sanitation,High,13.02402655,77.57900809,Pending,01:08:54,2087-11-21
COMP_01108,Waste scattered on road at Indiranagar,garbage,BBMP Sanitation,Medium,13.02809582,77.60823815,Pending,09:28:20,2086-01-13
COMP_01109,Waste scattered on road at Koramangala,garbage,BBMP Sanitation,High,12.91483178,77.67312172,Pending,12:59:28,2095-05-08
COMP_01110,Multiple cracks on road at MG Road,roads,BBMP Roads,Medium,12.89390565,77.5326072,In Progress,11:11:06,2099-01-30
COMP_01111,Power outage in Yelahanka for 1 days,electricity,BESCOM,Critical,12.92953076,77.61455257,In Progress,14:51:59,2114-10-23
COMP_01112,Power outage in BTM Layout for 6 days,electricity,BESCOM,High,13.03295109,77.51840535,Pending,21:51:59,2101-09-05
COMP_01113,Road surface damaged at Koramangala,roads,BBMP Roads,Medium,13.01852357,77.54998463,In Progress,21:02:50,2052-01-14
COMP_01114,No water supply in Yelahanka since 3 days,water,BWSSB,High,12.92130819,77.64857425,In Progress,00:54:54,2054-10-05
COMP_01115,Broken water pipe flooding street at Malleshwaram,water,BWSSB,Critical,12.9205062,77.61868623,In Progress,13:10:46,2072-01-19
COMP_01116,Electric pole damaged near Indiranagar,electricity,BESCOM,Critical,12.98944957,77.54413866,Pending,17:58:41,2049-07-12
COMP_01117,Garbage not collected at Jayanagar for 4 days,garbage,BBMP Sanitation,High,12.89727413,77.59682675,In Progress,14:05:39,2059-08-22
COMP_01118,Water leakage reported at Indiranagar,water,BWSSB,High,12.88401214,77.50142203,Pending,14:07:29,2055-02-16
COMP_01119,Multiple cracks on road at Koramangala,roads,BBMP Roads,High,12.89512967,77.57523826,Pending,09:06:43,2065-07-20
COMP_01120,Overflowing dustbin at Malleshwaram,garbage,BBMP Sanitation,Medium,12.9820528,77.6847243,Pending,13:58:31,2084-12-01
COMP_01121,Street lights not working at Indiranagar,electricity,BESCOM,High,12.92305296,77.64107002,In Progress,19:21:58,2039-09-23
COMP_01122,No water supply in MG Road since 7 days,water,BWSSB,Critical,13.0502481,77.68286979,Pending,14:30:18,2095-10-14
COMP_01123,Transformer issue reported at Indiranagar,electricity,BESCOM,Critical,13.02615049,77.65021254,In Progress,00:24:07,2072-02-29
COMP_01124,Pothole near bus stop at Koramangala,roads,BBMP Roads,High,13.01358842,77.65674055,In Progress,19:00:12,2097-08-13
COMP_01125,Large pothole near Malleshwaram causing traffic issues,roads,BBMP Roads,High,12.96460492,77.6251952,Pending,17:25:46,2072-04-05
COMP_01126,Broken water pipe flooding street at Malleshwaram,water,BWSSB,Critical,13.06331395,77.51770912,Pending,03:48:42,2064-07-09
COMP_01127,Large pothole near Koramangala causing traffic issues,roads,BBMP Roads,High,13.05767225,77.64123507,In Progress,12:01:43,2039-07-04
COMP_01128,Electric pole damaged near Indiranagar,electricity,BESCOM,High,13.02046688,77.62893049,Pending,20:16:38,2031-02-14
COMP_01129,Multiple cracks on road at BTM Layout,roads,BBMP Roads,High,13.02066423,77.66007297,In Progress,14:34:35,2064-07-27
COMP_01130,Garbage not collected at BTM Layout for 4 days,garbage,BBMP Sanitation,High,12.96563829,77.68704861,In Progress,05:24:25,2087-11-15
COMP_01131,Water contamination issue at Whitefield,water,BWSSB,Critical,12.96546274,77.69263873,Pending,18:38:08,2115-05-13
COMP_01132,Large pothole near Indiranagar causing traffic issues,roads,BBMP Roads,Medium,13.06611034,77.66291699,Pending,04:31:28,2095-11-14
COMP_01133,Water leakage reported at Whitefield,water,BWSSB,Critical,13.0633228,77.65861098,In Progress,09:53:22,2022-10-07
COMP_01134,Road surface damaged at Yelahanka,roads,BBMP Roads,High,12.92006244,77.68881169,Pending,07:15:13,2115-10-02
COMP_01135,Illegal garbage dumping near Jayanagar,garbage,BBMP Sanitation,Medium,12.93910087,77.49801895,Pending,06:48:05,2033-08-31
COMP_01136,Power outage in Malleshwaram for 7 days,electricity,BESCOM,High,12.9316951,77.65283823,Pending,07:25:01,2101-01-20
COMP_01137,Garbage not collected at Malleshwaram for 7 days,garbage,BBMP Sanitation,High,12.99731432,77.61047422,In Progress,12:04:21,2032-01-14
COMP_01138,Garbage not collected at Indiranagar for 6 days,garbage,BBMP Sanitation,Medium,12.88837966,77.58356819,In Progress,02:19:20,2094-01-06
COMP_01139,Water leakage reported at BTM Layout,water,BWSSB,Critical,12.87688355,77.66977752,In Progress,04:26:12,2068-11-09
COMP_01140,Pothole near bus stop at Jayanagar,roads,BBMP Roads,High,13.02594428,77.50821056,Pending,18:12:56,2092-04-06
COMP_01141,Broken water pipe flooding street at Whitefield,water,BWSSB,Critical,12.89781332,77.60224973,In Progress,17:04:27,2108-09-21
COMP_01142,Power outage in Whitefield for 9 days,electricity,BESCOM,Critical,12.914501,77.61016276,Pending,13:37:05,2022-11-30
COMP_01143,Garbage not collected at Malleshwaram for 2 days,garbage,BBMP Sanitation,High,12.995186,77.65757983,Pending,12:03:43,2065-11-30
COMP_01144,Power outage in Malleshwaram for 7 days,electricity,BESCOM,Critical,13.0151977,77.61570909,In Progress,00:17:46,2037-05-22
COMP_01145,Water leakage reported at Koramangala,water,BWSSB,Critical,12.99653423,77.62073732,Pending,06:48:45,2099-10-03
COMP_01146,Large pothole near Whitefield causing traffic issues,roads,BBMP Roads,Medium,12.97077683,77.57629435,Pending,06:06:39,2107-11-21
COMP_01147,Power outage in Koramangala for 9 days,electricity,BESCOM,High,13.00305549,77.60758506,Pending,06:52:14,2069-12-13
COMP_01148,Waste scattered on road at MG Road,garbage,BBMP Sanitation,High,12.88096879,77.63354909,Pending,10:45:57,2066-09-05
COMP_01149,Garbage not collected at Yelahanka for 6 days,garbage,BBMP Sanitation,Medium,12.91851275,77.52433853,Pending,20:15:54,2045-12-19
COMP_01150,Pothole near bus stop at MG Road,roads,BBMP Roads,High,13.06718352,77.50537474,Pending,00:38:24,2113-10-02
COMP_01151,Water leakage reported at Whitefield,water,BWSSB,High,13.03572592,77.63330138,Pending,09:49:20,2070-10-25
COMP_01152,Transformer issue reported at Whitefield,electricity,BESCOM,Critical,12.99972189,77.5047341,Pending,04:09:02,2073-02-25
COMP_01153,Waste scattered on road at Malleshwaram,garbage,BBMP Sanitation,High,12.90445252,77.69083604,In Progress,10:13:14,2046-04-30
COMP_01154,Power outage in BTM Layout for 7 days,electricity,BESCOM,Critical,12.87445366,77.59942787,Pending,05:19:11,2044-10-02
COMP_01155,Road surface damaged at Malleshwaram,roads,BBMP Roads,High,13.04532716,77.62634818,Pending,03:09:22,2092-08-09
COMP_01156,Road surface damaged at Jayanagar,roads,BBMP Roads,High,12.8912783,77.68733025,Pending,11:48:47,2078-03-11
COMP_01157,Large pothole near Whitefield causing traffic issues,roads,BBMP Roads,Medium,12.96268728,77.67749219,In Progress,12:06:56,2056-09-30
COMP_01158,Illegal garbage dumping near Malleshwaram,garbage,BBMP Sanitation,High,13.03395123,77.69290424,In Progress,13:42:22,2062-10-25
COMP_01159,Overflowing dustbin at Jayanagar,garbage,BBMP Sanitation,Medium,12.94202227,77.67674377,In Progress,21:29:57,2047-08-23
COMP_01160,Illegal garbage dumping near Indiranagar,garbage,BBMP Sanitation,High,13.02728394,77.6260618,In Progress,21:17:09,2108-12-15
COMP_01161,Road surface damaged at MG Road,roads,BBMP Roads,High,12.97703479,77.56907631,Pending,09:03:45,2080-08-03
COMP_01162,Pothole near bus stop at Whitefield,roads,BBMP Roads,Medium,12.95863901,77.57740027,In Progress,09:10:00,2046-01-22
COMP_01163,Multiple cracks on road at Indiranagar,roads,BBMP Roads,High,12.97369105,77.53863828,In Progress,02:35:22,2037-04-12
COMP_01164,Power outage in Indiranagar for 1 days,electricity,BESCOM,Critical,12.94526143,77.56264034,Pending,05:34:33,2087-12-05
COMP_01165,Water leakage reported at Jayanagar,water,BWSSB,High,13.02304869,77.60517535,Pending,14:45:08,2077-08-22
COMP_01166,Water contamination issue at Malleshwaram,water,BWSSB,High,13.05486471,77.68667106,Pending,22:35:06,2022-12-06
COMP_01167,Electric pole damaged near Jayanagar,electricity,BESCOM,High,13.00038849,77.60829613,Pending,08:18:33,2109-02-24
COMP_01168,Garbage not collected at Malleshwaram for 5 days,garbage,BBMP Sanitation,High,12.93256402,77.66694299,Pending,01:24:57,2025-06-11
COMP_01169,Power outage in Yelahanka for 7 days,electricity,BESCOM,High,12.91092934,77.63571339,In Progress,01:03:24,2042-08-20
COMP_01170,Garbage not collected at Malleshwaram for 7 days,garbage,BBMP Sanitation,Medium,12.93791851,77.53334299,Pending,09:08:14,2053-10-07
COMP_01171,No water supply in Malleshwaram since 1 days,water,BWSSB,High,13.06498949,77.67241823,In Progress,17:43:35,2028-06-09
COMP_01172,Garbage not collected at Whitefield for 5 days,garbage,BBMP Sanitation,High,13.01123255,77.59390604,In Progress,11:44:30,2114-08-02
COMP_01173,Broken water pipe flooding street at BTM Layout,water,BWSSB,High,13.0424116,77.62509011,Pending,21:27:58,2038-02-15
COMP_01174,Pothole near bus stop at Whitefield,roads,BBMP Roads,Medium,13.05233369,77.65919183,In Progress,04:04:34,2089-03-14
COMP_01175,Road surface damaged at Malleshwaram,roads,BBMP Roads,High,12.91459229,77.67095114,In Progress,23:23:22,2111-07-15
COMP_01176,Broken water pipe flooding street at BTM Layout,water,BWSSB,Critical,12.87319807,77.63085957,In Progress,15:24:32,2090-04-23
COMP_01177,Overflowing dustbin at Yelahanka,garbage,BBMP Sanitation,Medium,12.980262,77.49851492,Pending,11:07:49,2049-12-26
COMP_01178,Illegal garbage dumping near Indiranagar,garbage,BBMP Sanitation,Medium,13.03577656,77.6033196,Pending,04:50:38,2090-01-02
COMP_01179,Garbage not collected at Whitefield for 8 days,garbage,BBMP Sanitation,High,12.94039839,77.67654697,In Progress,16:18:33,2024-09-04
COMP_01180,No water supply in Yelahanka since 6 days,water,BWSSB,High,12.87162224,77.60331081,Pending,15:09:50,2023-02-10
COMP_01181,Water leakage reported at MG Road,water,BWSSB,Critical,13.06968757,77.61200028,Pending,16:09:59,2091-03-15
COMP_01182,Transformer issue reported at BTM Layout,electricity,BESCOM,High,12.93924103,77.65923107,In Progress,22:15:00,2067-01-28
COMP_01183,Broken water pipe flooding street at Malleshwaram,water,BWSSB,Critical,13.04107714,77.57750717,In Progress,23:54:22,2099-03-08
COMP_01184,No water supply in Whitefield since 8 days,water,BWSSB,High,12.90749434,77.58659722,In Progress,09:57:04,2069-08-05
COMP_01185,Illegal garbage dumping near BTM Layout,garbage,BBMP Sanitation,Medium,12.88064234,77.61017052,Pending,13:26:43,2038-06-23
COMP_01186,No water supply in Koramangala since 7 days,water,BWSSB,High,13.03184757,77.65029441,In Progress,21:26:13,2073-03-15
COMP_01187,Street lights not working at Malleshwaram,electricity,BESCOM,Critical,12.88223249,77.54470988,In Progress,20:51:54,2020-12-14
COMP_01188,Water leakage reported at Jayanagar,water,BWSSB,Critical,13.03148498,77.61975604,In Progress,04:29:44,2072-10-29
COMP_01189,Multiple cracks on road at MG Road,roads,BBMP Roads,Medium,12.93095593,77.66701633,Pending,10:37:10,2034-07-14
COMP_01190,Power outage in BTM Layout for 8 days,electricity,BESCOM,Critical,12.95041135,77.54004492,In Progress,02:07:49,2055-02-23
COMP_01191,Overflowing dustbin at Yelahanka,garbage,BBMP Sanitation,High,13.00835576,77.60237628,Pending,05:26:33,2080-10-03
COMP_01192,Overflowing dustbin at Whitefield,garbage,BBMP Sanitation,Medium,12.92807964,77.65601804,Pending,15:43:34,2095-09-23
COMP_01193,Transformer issue reported at Jayanagar,electricity,BESCOM,Critical,13.07030574,77.56602782,Pending,13:19:34,2111-10-23
COMP_01194,Transformer issue reported at Koramangala,electricity,BESCOM,Critical,13.00670418,77.59756135,Pending,04:08:50,2047-01-31
COMP_01195,Water leakage reported at MG Road,water,BWSSB,High,12.96149096,77.61167221,Pending,22:22:03,2082-05-05
COMP_01196,Power outage in Jayanagar for 3 days,electricity,BESCOM,Critical,12.96166859,77.51157973,In Progress,08:56:27,2031-02-05
COMP_01197,Transformer issue reported at Whitefield,electricity,BESCOM,High,12.90110222,77.56461429,Pending,17:10:51,2054-11-29
COMP_01198,Street lights not working at Whitefield,electricity,BESCOM,Critical,13.07002093,77.6786368,Pending,18:42:33,2076-12-08
COMP_01199,Garbage not collected at Jayanagar for 6 days,garbage,BBMP Sanitation,High,13.05769942,77.50788167,In Progress,18:53:11,2021-03-20
COMP_01200,Power outage in Koramangala for 4 days,electricity,BESCOM,Critical,13.06077025,77.67960369,Pending,01:03:09,2108-10-30
COMP_01201,Large pothole near MG Road causing traffic issues,roads,BBMP Roads,High,12.896765,77.61049612,In Progress,16:12:35,2061-01-19
COMP_01202,Multiple cracks on road at Yelahanka,roads,BBMP Roads,High,13.06880505,77.649693,In Progress,04:10:49,2107-08-28
COMP_01203,Transformer issue reported at Indiranagar,electricity,BESCOM,Critical,12.88572697,77.53876799,In Progress,13:42:33,2044-07-09
COMP_01204,Electric pole damaged near Yelahanka,electricity,BESCOM,Critical,13.05660304,77.62660178,In Progress,02:43:35,2041-11-22
COMP_01205,Multiple cracks on road at Indiranagar,roads,BBMP Roads,Medium,13.04715854,77.5808811,In Progress,11:53:44,2115-07-10
COMP_01206,Water contamination issue at Yelahanka,water,BWSSB,High,13.01804326,77.59308281,In Progress,06:31:18,2020-05-12
COMP_01207,Water leakage reported at Whitefield,water,BWSSB,High,12.91959683,77.55182174,In Progress,00:45:02,2083-02-03
COMP_01208,Transformer issue reported at Indiranagar,electricity,BESCOM,High,12.9116072,77.69123307,In Progress,08:56:50,2068-02-17
COMP_01209,Street lights not working at Yelahanka,electricity,BESCOM,High,13.01509642,77.53611518,In Progress,09:36:21,2106-03-13
COMP_01210,Power outage in Indiranagar for 10 days,electricity,BESCOM,Critical,13.02068356,77.68008282,In Progress,05:22:26,2101-01-12
COMP_01211,Transformer issue reported at Malleshwaram,electricity,BESCOM,Critical,12.92093753,77.63382529,Pending,08:44:44,2074-08-19
COMP_01212,No water supply in Malleshwaram since 7 days,water,BWSSB,High,13.06081121,77.68211971,Pending,20:38:29,2076-05-24
COMP_01213,Illegal garbage dumping near Koramangala,garbage,BBMP Sanitation,Medium,12.89039686,77.65515574,In Progress,18:12:16,2094-10-02
COMP_01214,Pothole near bus stop at Yelahanka,roads,BBMP Roads,High,13.04262965,77.61798891,In Progress,05:43:42,2025-08-02
COMP_01215,Multiple cracks on road at Malleshwaram,roads,BBMP Roads,High,13.06105642,77.6381495,Pending,15:05:54,2097-05-13
COMP_01216,Broken water pipe flooding street at MG Road,water,BWSSB,Critical,12.89482451,77.57322681,In Progress,01:18:23,2059-05-16
COMP_01217,Electric pole damaged near Yelahanka,electricity,BESCOM,High,12.89222202,77.54263287,In Progress,03:21:27,2021-05-07
COMP_01218,Large pothole near MG Road causing traffic issues,roads,BBMP Roads,Medium,12.87870101,77.69087985,Pending,08:23:43,2092-11-14
COMP_01219,Transformer issue reported at BTM Layout,electricity,BESCOM,Critical,12.96975816,77.64215148,Pending,01:35:18,2057-08-28
COMP_01220,Overflowing dustbin at Malleshwaram,garbage,BBMP Sanitation,High,13.03299152,77.64964667,Pending,01:26:17,2109-12-23
COMP_01221,Garbage not collected at Yelahanka for 5 days,garbage,BBMP Sanitation,Medium,13.04748966,77.51204954,Pending,08:38:54,2116-03-20
COMP_01222,Waste scattered on road at Whitefield,garbage,BBMP Sanitation,Medium,12.94895838,77.53041461,Pending,22:52:29,2065-01-28
COMP_01223,Pothole near bus stop at Whitefield,roads,BBMP Roads,High,13.05871338,77.66328544,In Progress,20:42:56,2022-05-13
COMP_01224,Pothole near bus stop at Malleshwaram,roads,BBMP Roads,High,12.98513533,77.60787806,In Progress,10:44:54,2039-12-07
COMP_01225,Large pothole near Whitefield causing traffic issues,roads,BBMP Roads,Medium,13.00055512,77.64694833,In Progress,10:29:39,2037-08-29
COMP_01226,Electric pole damaged near Malleshwaram,electricity,BESCOM,High,12.98569698,77.63194976,Pending,17:27:58,2032-08-19
COMP_01227,Street lights not working at BTM Layout,electricity,BESCOM,Critical,12.88779135,77.56846067,Pending,10:30:09,2110-05-02
COMP_01228,No water supply in MG Road since 7 days,water,BWSSB,Critical,12.93775802,77.59155304,Pending,22:34:08,2068-09-06
COMP_01229,Overflowing dustbin at Jayanagar,garbage,BBMP Sanitation,Medium,12.99274698,77.57259386,In Progress,07:12:07,2114-01-05
COMP_01230,Electric pole damaged near Whitefield,electricity,BESCOM,Critical,12.9850678,77.51802349,In Progress,22:23:56,2041-05-07
COMP_01231,Transformer issue reported at BTM Layout,electricity,BESCOM,High,13.05667965,77.50904948,In Progress,22:32:56,2109-06-08
COMP_01232,Waste scattered on road at Yelahanka,garbage,BBMP Sanitation,Medium,13.01466842,77.64915145,Pending,23:06:40,2091-03-09
COMP_01233,Broken water pipe flooding street at MG Road,water,BWSSB,High,12.99567534,77.58681553,Pending,05:58:45,2080-07-23
COMP_01234,Broken water pipe flooding street at Koramangala,water,BWSSB,Critical,13.01838471,77.57452388,Pending,10:58:54,2085-03-12
COMP_01235,Illegal garbage dumping near Malleshwaram,garbage,BBMP Sanitation,Medium,12.97616414,77.66470747,Pending,04:18:28,2039-08-17
COMP_01236,Street lights not working at Malleshwaram,electricity,BESCOM,High,13.06357603,77.59698893,Pending,17:03:56,2107-12-06
COMP_01237,Pothole near bus stop at Malleshwaram,roads,BBMP Roads,High,12.91809282,77.63524971,Pending,03:25:07,2043-03-17
COMP_01238,Power outage in Whitefield for 2 days,electricity,BESCOM,Critical,12.98073238,77.56704085,Pending,06:24:47,2109-12-01
COMP_01239,Large pothole near Koramangala causing traffic issues,roads,BBMP Roads,High,12.93218413,77.64093619,Pending,12:30:43,2036-12-14
COMP_01240,Multiple cracks on road at Jayanagar,roads,BBMP Roads,High,12.98446473,77.51930853,Pending,05:08:30,2081-12-13
COMP_01241,Overflowing dustbin at BTM Layout,garbage,BBMP Sanitation,Medium,13.07062644,77.54519356,In Progress,22:31:04,2043-01-18
COMP_01242,Multiple cracks on road at MG Road,roads,BBMP Roads,Medium,12.979075,77.69177624,Pending,04:05:08,2082-04-07
COMP_01243,Broken water pipe flooding street at Malleshwaram,water,BWSSB,High,13.00696028,77.56075171,In Progress,21:08:22,2039-01-23
COMP_01244,Road surface damaged at Indiranagar,roads,BBMP Roads,High,12.90587635,77.66563376,Pending,02:22:21,2082-01-09
COMP_01245,Waste scattered on road at Whitefield,garbage,BBMP Sanitation,High,12.87874236,77.64789406,In Progress,07:02:24,2049-02-14
COMP_01246,Illegal garbage dumping near Whitefield,garbage,BBMP Sanitation,High,13.03911501,77.5894255,In Progress,09:23:56,2045-12-10
COMP_01247,Pothole near bus stop at Whitefield,roads,BBMP Roads,High,13.00305681,77.64088538,Pending,23:47:17,2040-12-20
COMP_01248,Water leakage reported at Yelahanka,water,BWSSB,High,13.00810397,77.64896937,In Progress,05:03:32,2079-03-15
COMP_01249,Illegal garbage dumping near Indiranagar,garbage,BBMP Sanitation,High,12.94049114,77.65643917,In Progress,23:10:18,2033-06-12
COMP_01250,Road surface damaged at Malleshwaram,roads,BBMP Roads,High,13.06197883,77.58150207,In Progress,04:43:35,2046-11-09
COMP_01251,Power outage in Jayanagar for 9 days,electricity,BESCOM,High,12.97888603,77.57121403,Pending,08:24:09,2049-03-29
COMP_01252,Transformer issue reported at BTM Layout,electricity,BESCOM,High,12.95913732,77.68486867,In Progress,13:52:35,2104-06-22
COMP_01253,Road surface damaged at MG Road,roads,BBMP Roads,High,12.88522939,77.54844365,Pending,22:30:02,2034-11-01
COMP_01254,Road surface damaged at Indiranagar,roads,BBMP Roads,High,13.01210884,77.53041084,In Progress,00:09:51,2081-05-31
COMP_01255,Broken water pipe flooding street at BTM Layout,water,BWSSB,Critical,12.97592298,77.58909457,Pending,21:03:55,2113-05-07
COMP_01256,Power outage in Indiranagar for 3 days,electricity,BESCOM,Critical,12.92693421,77.55610497,Pending,16:44:21,2086-02-19
COMP_01257,Broken water pipe flooding street at Koramangala,water,BWSSB,High,13.04493653,77.59672707,In Progress,01:18:15,2048-04-05
COMP_01258,Multiple cracks on road at Whitefield,roads,BBMP Roads,High,13.02307084,77.53739432,Pending,18:29:54,2091-04-08
COMP_01259,Illegal garbage dumping near Malleshwaram,garbage,BBMP Sanitation,Medium,12.96480494,77.68922706,Pending,13:11:09,2064-09-01
COMP_01260,Broken water pipe flooding street at Jayanagar,water,BWSSB,Critical,12.98383439,77.49708902,Pending,08:06:23,2034-07-01
COMP_01261,Multiple cracks on road at Koramangala,roads,BBMP Roads,High,12.92201805,77.56386749,Pending,21:16:20,2056-03-16
COMP_01262,Transformer issue reported at Jayanagar,electricity,BESCOM,Critical,12.97086278,77.53718212,In Progress,03:07:48,2043-05-19
COMP_01263,Water leakage reported at Whitefield,water,BWSSB,Critical,12.87531284,77.51106732,In Progress,02:19:31,2074-06-05
COMP_01264,Transformer issue reported at Koramangala,electricity,BESCOM,Critical,13.07114186,77.65603321,Pending,19:01:39,2114-10-26
COMP_01265,Broken water pipe flooding street at Whitefield,water,BWSSB,High,12.88732552,77.52056086,Pending,21:22:21,2022-11-13
COMP_01266,Overflowing dustbin at Malleshwaram,garbage,BBMP Sanitation,High,12.95194962,77.59148382,Pending,07:55:59,2115-10-25
COMP_01267,Water leakage reported at Koramangala,water,BWSSB,High,12.97713342,77.54784173,In Progress,18:39:00,2058-05-16
COMP_01268,Power outage in Malleshwaram for 3 days,electricity,BESCOM,High,12.91720473,77.52664493,In Progress,01:58:46,2068-01-16
COMP_01269,Large pothole near MG Road causing traffic issues,roads,BBMP Roads,High,13.04922332,77.55896113,Pending,05:15:28,2105-07-12
COMP_01270,Electric pole damaged near Whitefield,electricity,BESCOM,Critical,12.87367512,77.51734254,Pending,01:24:13,2029-05-11
COMP_01271,Broken water pipe flooding street at Yelahanka,water,BWSSB,Critical,12.96542974,77.66250169,Pending,22:18:43,2086-04-03
COMP_01272,Overflowing dustbin at Malleshwaram,garbage,BBMP Sanitation,Medium,13.00205689,77.57086792,Pending,20:28:23,2097-10-10
COMP_01273,Street lights not working at Malleshwaram,electricity,BESCOM,High,12.89615447,77.63509069,In Progress,21:24:22,2030-02-04
COMP_01274,Waste scattered on road at BTM Layout,garbage,BBMP Sanitation,High,12.97400134,77.53156093,Pending,23:16:34,2103-12-14
COMP_01275,Water leakage reported at Jayanagar,water,BWSSB,High,12.94776477,77.56895559,In Progress,12:48:54,2094-10-27
COMP_01276,Garbage not collected at Whitefield for 3 days,garbage,BBMP Sanitation,High,13.02068504,77.54309169,Pending,05:39:16,2102-11-02
COMP_01277,Large pothole near MG Road causing traffic issues,roads,BBMP Roads,Medium,12.94974138,77.58635335,Pending,05:38:59,2077-07-22
COMP_01278,Illegal garbage dumping near Malleshwaram,garbage,BBMP Sanitation,Medium,12.95934937,77.56196678,Pending,17:52:02,2035-03-30
COMP_01279,Multiple cracks on road at BTM Layout,roads,BBMP Roads,Medium,13.02917903,77.5554597,Pending,23:50:07,2079-02-10
COMP_01280,Multiple cracks on road at Whitefield,roads,BBMP Roads,Medium,13.01221047,77.68097213,Pending,02:02:26,2098-01-07
COMP_01281,Water leakage reported at Jayanagar,water,BWSSB,High,13.00320663,77.55827187,In Progress,23:33:41,2077-01-22
COMP_01282,Water leakage reported at Malleshwaram,water,BWSSB,High,12.89947054,77.68233698,In Progress,08:31:33,2083-02-24
COMP_01283,Broken water pipe flooding street at Jayanagar,water,BWSSB,Critical,12.88572924,77.64289212,Pending,13:44:55,2033-12-16
COMP_01284,Garbage not collected at Indiranagar for 1 days,garbage,BBMP Sanitation,High,13.01606037,77.56075839,In Progress,00:37:33,2050-10-07
COMP_01285,Road surface damaged at Malleshwaram,roads,BBMP Roads,Medium,13.04706038,77.5504638,Pending,14:36:15,2082-12-01
COMP_01286,Overflowing dustbin at Koramangala,garbage,BBMP Sanitation,High,12.9205836,77.66367889,In Progress,13:33:50,2094-04-22
COMP_01287,Water leakage reported at Indiranagar,water,BWSSB,High,12.91566236,77.58358617,In Progress,20:19:34,2112-01-28
COMP_01288,Electric pole damaged near MG Road,electricity,BESCOM,Critical,12.9671275,77.50883379,Pending,02:21:51,2081-02-18
COMP_01289,Illegal garbage dumping near Malleshwaram,garbage,BBMP Sanitation,Medium,12.94975107,77.64584447,Pending,19:33:01,2021-09-07
COMP_01290,Water contamination issue at MG Road,water,BWSSB,Critical,12.99758009,77.66841316,Pending,00:12:32,2079-04-04
COMP_01291,Road surface damaged at BTM Layout,roads,BBMP Roads,High,13.01709834,77.56914967,In Progress,09:01:26,2112-02-20
COMP_01292,Power outage in Jayanagar for 2 days,electricity,BESCOM,Critical,12.91975759,77.57385838,Pending,00:37:56,2091-03-09
COMP_01293,Overflowing dustbin at BTM Layout,garbage,BBMP Sanitation,Medium,12.98933642,77.54920299,In Progress,19:41:22,2095-10-23
COMP_01294,No water supply in MG Road since 2 days,water,BWSSB,Critical,12.98685099,77.64321693,Pending,13:36:42,2027-04-12
COMP_01295,Water leakage reported at BTM Layout,water,BWSSB,Critical,13.06863833,77.65606506,Pending,00:08:41,2032-02-04
COMP_01296,Overflowing dustbin at Whitefield,garbage,BBMP Sanitation,Medium,12.91064476,77.54192607,In Progress,08:31:00,2053-07-31
COMP_01297,Large pothole near BTM Layout causing traffic issues,roads,BBMP Roads,High,12.92243043,77.59422148,In Progress,18:58:18,2028-05-17
COMP_01298,Electric pole damaged near BTM Layout,electricity,BESCOM,High,12.97278554,77.51780888,In Progress,05:45:23,2072-02-11
COMP_01299,Power outage in BTM Layout for 9 days,electricity,BESCOM,Critical,12.95046866,77.64691068,Pending,02:47:06,2032-09-28
COMP_01300,Water leakage reported at Yelahanka,water,BWSSB,High,12.87771862,77.5177681,In Progress,01:49:38,2029-09-21
COMP_01301,Large pothole near Whitefield causing traffic issues,roads,BBMP Roads,Medium,12.87338567,77.58317817,Pending,16:57:10,2063-03-19
COMP_01302,Water contamination issue at Yelahanka,water,BWSSB,High,12.89548637,77.58548046,Pending,02:40:31,2053-02-07
COMP_01303,No water supply in Indiranagar since 1 days,water,BWSSB,High,12.94157137,77.67873727,Pending,18:25:08,2024-11-05
COMP_01304,Road surface damaged at Whitefield,roads,BBMP Roads,High,12.88018874,77.5211308,In Progress,03:01:07,2080-03-28
COMP_01305,Waste scattered on road at Whitefield,garbage,BBMP Sanitation,Medium,12.98427223,77.52626177,In Progress,05:18:27,2054-03-06
COMP_01306,Transformer issue reported at Koramangala,electricity,BESCOM,Critical,12.9779836,77.61525447,In Progress,19:25:45,2077-04-28
COMP_01307,Broken water pipe flooding street at Whitefield,water,BWSSB,Critical,12.91140804,77.57907865,Pending,08:24:13,2109-05-24
COMP_01308,Overflowing dustbin at Whitefield,garbage,BBMP Sanitation,Medium,13.06030201,77.60713123,Pending,16:21:03,2036-05-13
COMP_01309,Water contamination issue at MG Road,water,BWSSB,High,12.92409589,77.53216155,In Progress,12:15:50,2060-08-29
COMP_01310,Transformer issue reported at Jayanagar,electricity,BESCOM,High,12.87646093,77.67714005,In Progress,11:42:38,2066-12-31
COMP_01311,Electric pole damaged near MG Road,electricity,BESCOM,High,12.89288797,77.66202194,In Progress,22:48:48,2026-03-03
COMP_01312,Water contamination issue at BTM Layout,water,BWSSB,High,13.00039204,77.60710153,Pending,18:55:02,2098-07-28
COMP_01313,Multiple cracks on road at Whitefield,roads,BBMP Roads,High,12.89396622,77.60730447,In Progress,10:30:28,2037-07-14
COMP_01314,Illegal garbage dumping near Malleshwaram,garbage,BBMP Sanitation,High,12.98336432,77.63538388,In Progress,16:40:39,2032-07-10
COMP_01315,Waste scattered on road at MG Road,garbage,BBMP Sanitation,High,13.00377159,77.69178082,In Progress,04:34:42,2115-09-15
COMP_01316,No water supply in BTM Layout since 5 days,water,BWSSB,Critical,12.96318567,77.5023618,In Progress,18:53:53,2028-02-01
COMP_01317,Power outage in Koramangala for 10 days,electricity,BESCOM,High,13.06514914,77.6180668,Pending,01:28:07,2077-06-16
COMP_01318,Road surface damaged at BTM Layout,roads,BBMP Roads,High,13.04881638,77.6078453,Pending,01:05:13,2115-06-02
COMP_01319,Garbage not collected at Jayanagar for 10 days,garbage,BBMP Sanitation,Medium,13.02392903,77.4991991,In Progress,06:13:45,2085-04-08
COMP_01320,No water supply in Indiranagar since 8 days,water,BWSSB,High,13.05994593,77.58064839,In Progress,10:52:04,2111-08-27
COMP_01321,Large pothole near MG Road causing traffic issues,roads,BBMP Roads,Medium,13.01466622,77.55950209,Pending,07:29:05,2088-10-07
COMP_01322,Garbage not collected at Whitefield for 10 days,garbage,BBMP Sanitation,Medium,13.00957668,77.56629817,Pending,21:51:45,2045-09-26
COMP_01323,Broken water pipe flooding street at Indiranagar,water,BWSSB,Critical,13.02409644,77.53925998,Pending,14:51:14,2038-02-27
COMP_01324,Road surface damaged at Malleshwaram,roads,BBMP Roads,Medium,13.0521294,77.53770343,In Progress,20:16:31,2052-05-01
COMP_01325,Illegal garbage dumping near Indiranagar,garbage,BBMP Sanitation,Medium,12.94428946,77.59816228,Pending,13:07:28,2088-05-30
COMP_01326,Water contamination issue at BTM Layout,water,BWSSB,Critical,12.97848897,77.55181746,Pending,08:22:41,2026-08-09
COMP_01327,Garbage not collected at MG Road for 6 days,garbage,BBMP Sanitation,Medium,12.96245262,77.67986697,Pending,20:03:05,2027-11-07
COMP_01328,Illegal garbage dumping near Indiranagar,garbage,BBMP Sanitation,Medium,12.94189216,77.69028023,Pending,20:52:53,2041-09-17
COMP_01329,Water leakage reported at Yelahanka,water,BWSSB,High,12.9568991,77.61665297,Pending,08:36:36,2112-01-18
COMP_01330,Pothole near bus stop at Yelahanka,roads,BBMP Roads,Medium,13.03794986,77.60561085,In Progress,07:16:53,2032-10-08
COMP_01331,Multiple cracks on road at Koramangala,roads,BBMP Roads,High,12.93516693,77.6494837,In Progress,20:47:03,2055-05-28
COMP_01332,Water contamination issue at BTM Layout,water,BWSSB,High,12.87990143,77.68165625,Pending,08:22:40,2058-02-11
COMP_01333,Garbage not collected at BTM Layout for 3 days,garbage,BBMP Sanitation,High,13.04946801,77.51326748,In Progress,10:34:53,2095-08-30
COMP_01334,Street lights not working at Indiranagar,electricity,BESCOM,High,13.01472285,77.65046063,Pending,00:31:57,2063-06-21
COMP_01335,Waste scattered on road at MG Road,garbage,BBMP Sanitation,Medium,13.01976925,77.56857742,Pending,09:25:14,2042-02-26
COMP_01336,Water leakage reported at Malleshwaram,water,BWSSB,High,13.01774893,77.50661412,Pending,05:05:09,2097-02-27
COMP_01337,Street lights not working at Indiranagar,electricity,BESCOM,Critical,13.01876845,77.60762549,In Progress,02:48:27,2108-08-25
COMP_01338,Multiple cracks on road at Koramangala,roads,BBMP Roads,Medium,12.93210975,77.53995526,Pending,06:23:55,2079-07-13
COMP_01339,Illegal garbage dumping near Whitefield,garbage,BBMP Sanitation,High,12.97130914,77.63526944,Pending,22:15:28,2098-11-09
COMP_01340,Transformer issue reported at Malleshwaram,electricity,BESCOM,High,12.92990149,77.65224352,Pending,07:10:36,2038-05-17
COMP_01341,Illegal garbage dumping near Whitefield,garbage,BBMP Sanitation,Medium,12.91282139,77.55175551,In Progress,13:22:33,2063-07-12
COMP_01342,Broken water pipe flooding street at Malleshwaram,water,BWSSB,Critical,12.9827228,77.66589822,Pending,07:44:08,2063-11-23
COMP_01343,Pothole near bus stop at Yelahanka,roads,BBMP Roads,High,12.88375507,77.63824034,In Progress,10:05:47,2066-05-12
COMP_01344,Water contamination issue at MG Road,water,BWSSB,Critical,12.9334875,77.57843646,Pending,06:11:13,2045-04-10
COMP_01345,Road surface damaged at Malleshwaram,roads,BBMP Roads,Medium,12.91599518,77.65389502,Pending,03:02:14,2051-08-06
COMP_01346,Water leakage reported at Indiranagar,water,BWSSB,High,13.03811526,77.57380533,Pending,03:16:23,2103-04-24
COMP_01347,Overflowing dustbin at BTM Layout,garbage,BBMP Sanitation,Medium,12.97080393,77.69086564,In Progress,16:40:00,2037-01-06
COMP_01348,Pothole near bus stop at Indiranagar,roads,BBMP Roads,High,12.91539141,77.63718384,Pending,22:29:27,2071-09-13
COMP_01349,Overflowing dustbin at Malleshwaram,garbage,BBMP Sanitation,Medium,12.93453433,77.53557007,Pending,12:33:38,2032-04-14
COMP_01350,Road surface damaged at BTM Layout,roads,BBMP Roads,Medium,13.02716085,77.61431277,In Progress,10:22:28,2030-04-11
COMP_01351,Multiple cracks on road at Koramangala,roads,BBMP Roads,Medium,13.05795247,77.65027774,Pending,19:09:25,2036-08-24
COMP_01352,Electric pole damaged near Yelahanka,electricity,BESCOM,Critical,12.87386725,77.64392597,Pending,23:25:54,2045-03-05
COMP_01353,Garbage not collected at Indiranagar for 3 days,garbage,BBMP Sanitation,High,13.04587442,77.68840984,In Progress,06:03:11,2100-01-23
COMP_01354,Illegal garbage dumping near Whitefield,garbage,BBMP Sanitation,Medium,13.02319171,77.60734217,Pending,23:37:43,2022-08-09
COMP_01355,Water leakage reported at Yelahanka,water,BWSSB,Critical,13.00068671,77.61436402,In Progress,11:48:29,2073-05-18
COMP_01356,Overflowing dustbin at Whitefield,garbage,BBMP Sanitation,High,12.89925408,77.58893264,Pending,15:52:34,2024-01-08
COMP_01357,Water contamination issue at Whitefield,water,BWSSB,High,12.97454229,77.53930644,Pending,02:04:23,2070-12-29
COMP_01358,Waste scattered on road at Whitefield,garbage,BBMP Sanitation,Medium,12.88611377,77.55344007,In Progress,23:45:18,2109-03-23
COMP_01359,Multiple cracks on road at Koramangala,roads,BBMP Roads,High,13.03250686,77.58316647,Pending,23:53:00,2045-03-18
COMP_01360,Large pothole near Koramangala causing traffic issues,roads,BBMP Roads,Medium,13.03648049,77.62523463,Pending,21:23:41,2033-11-10
COMP_01361,Road surface damaged at Yelahanka,roads,BBMP Roads,High,12.91014995,77.50374056,In Progress,04:04:03,2087-12-22
COMP_01362,Power outage in Jayanagar for 7 days,electricity,BESCOM,Critical,13.06230877,77.60240739,Pending,03:52:17,2069-05-19
COMP_01363,Water contamination issue at Koramangala,water,BWSSB,Critical,13.02356503,77.66611996,In Progress,16:37:29,2053-11-29
COMP_01364,Broken water pipe flooding street at Yelahanka,water,BWSSB,Critical,12.8931441,77.59369551,In Progress,04:10:48,2094-11-18
COMP_01365,Waste scattered on road at Whitefield,garbage,BBMP Sanitation,Medium,12.92477112,77.56280361,In Progress,13:39:22,2054-11-20
COMP_01366,Multiple cracks on road at Koramangala,roads,BBMP Roads,Medium,13.00297541,77.6811618,Pending,07:50:03,2031-06-28
COMP_01367,Water leakage reported at Jayanagar,water,BWSSB,Critical,12.95406778,77.58948191,In Progress,14:49:27,2028-04-26
COMP_01368,Water contamination issue at Whitefield,water,BWSSB,Critical,13.04032664,77.64865477,Pending,06:37:12,2050-03-07
COMP_01369,No water supply in Indiranagar since 9 days,water,BWSSB,High,12.96460691,77.66809032,In Progress,03:11:02,2090-09-01
COMP_01370,Illegal garbage dumping near Yelahanka,garbage,BBMP Sanitation,Medium,12.91230552,77.56425991,Pending,08:40:14,2037-09-20
COMP_01371,Water leakage reported at Jayanagar,water,BWSSB,High,12.9147332,77.62466197,In Progress,12:50:54,2112-05-27
COMP_01372,Water leakage reported at Jayanagar,water,BWSSB,High,12.88342289,77.67750743,In Progress,05:21:44,2067-08-11
COMP_01373,Street lights not working at MG Road,electricity,BESCOM,High,12.97271619,77.68010017,Pending,19:55:08,2059-05-08
COMP_01374,Illegal garbage dumping near MG Road,garbage,BBMP Sanitation,Medium,13.02898786,77.50269349,Pending,13:40:52,2073-05-03
COMP_01375,Transformer issue reported at Whitefield,electricity,BESCOM,High,12.8879554,77.6639085,In Progress,18:45:27,2098-02-14
COMP_01376,Power outage in Indiranagar for 10 days,electricity,BESCOM,Critical,12.94611128,77.53043601,Pending,01:45:18,2098-08-06
COMP_01377,Illegal garbage dumping near Indiranagar,garbage,BBMP Sanitation,High,13.03438989,77.53967394,In Progress,01:55:54,2111-06-15
COMP_01378,Electric pole damaged near Whitefield,electricity,BESCOM,High,12.91384452,77.53737378,Pending,04:57:22,2034-06-24
COMP_01379,Overflowing dustbin at BTM Layout,garbage,BBMP Sanitation,Medium,13.05391609,77.59165937,Pending,18:35:53,2075-07-01
COMP_01380,Electric pole damaged near BTM Layout,electricity,BESCOM,Critical,12.89991248,77.53891019,Pending,15:09:45,2101-01-27
COMP_01381,Pothole near bus stop at Jayanagar,roads,BBMP Roads,Medium,13.06589937,77.55930051,Pending,08:33:26,2038-03-09
COMP_01382,Large pothole near Koramangala causing traffic issues,roads,BBMP Roads,Medium,12.87424082,77.56581384,In Progress,10:54:43,2097-01-15
COMP_01383,Illegal garbage dumping near Whitefield,garbage,BBMP Sanitation,Medium,12.94350782,77.50449805,Pending,23:20:23,2052-09-28
COMP_01384,Electric pole damaged near MG Road,electricity,BESCOM,Critical,13.03129626,77.6192784,Pending,05:45:05,2054-01-30
COMP_01385,Multiple cracks on road at BTM Layout,roads,BBMP Roads,High,13.04234145,77.6208014,In Progress,12:23:39,2093-10-03
COMP_01386,Garbage not collected at Jayanagar for 6 days,garbage,BBMP Sanitation,High,13.06165525,77.53514128,Pending,10:12:39,2072-06-09
COMP_01387,Power outage in Whitefield for 2 days,electricity,BESCOM,High,12.89045906,77.60444871,Pending,03:06:03,2039-07-23
COMP_01388,Waste scattered on road at BTM Layout,garbage,BBMP Sanitation,High,12.97110081,77.53144549,Pending,22:33:53,2055-04-21
COMP_01389,Overflowing dustbin at Yelahanka,garbage,BBMP Sanitation,High,12.99993352,77.58930889,Pending,07:09:03,2028-05-18
COMP_01390,Large pothole near Jayanagar causing traffic issues,roads,BBMP Roads,Medium,13.05646048,77.59469421,In Progress,00:47:58,2096-08-21
COMP_01391,Waste scattered on road at Yelahanka,garbage,BBMP Sanitation,Medium,13.03503226,77.52750282,In Progress,04:27:08,2097-01-30
COMP_01392,Illegal garbage dumping near Whitefield,garbage,BBMP Sanitation,High,12.94702798,77.6680238,In Progress,09:09:43,2068-08-10
COMP_01393,No water supply in MG Road since 5 days,water,BWSSB,High,13.05620987,77.58541482,In Progress,11:13:25,2047-05-20
COMP_01394,Transformer issue reported at Yelahanka,electricity,BESCOM,Critical,13.06087051,77.51676201,Pending,09:11:45,2057-12-07
COMP_01395,Illegal garbage dumping near Malleshwaram,garbage,BBMP Sanitation,High,12.97169861,77.66533917,Pending,21:51:54,2105-12-01
COMP_01396,Electric pole damaged near Yelahanka,electricity,BESCOM,Critical,12.94578947,77.61569603,Pending,15:48:47,2041-03-22
COMP_01397,Illegal garbage dumping near Yelahanka,garbage,BBMP Sanitation,Medium,13.00052424,77.52414972,Pending,12:52:39,2041-08-19
COMP_01398,Water leakage reported at MG Road,water,BWSSB,Critical,12.943956,77.62768565,In Progress,04:04:45,2040-11-08
COMP_01399,Road surface damaged at Koramangala,roads,BBMP Roads,High,12.99149129,77.59471555,In Progress,14:13:41,2047-05-05
COMP_01400,Multiple cracks on road at Indiranagar,roads,BBMP Roads,High,12.92409697,77.51815989,In Progress,23:30:39,2048-07-26
COMP_01401,No water supply in Whitefield since 5 days,water,BWSSB,Critical,12.96462938,77.50319472,Pending,02:04:34,2082-12-13
COMP_01402,Street lights not working at MG Road,electricity,BESCOM,High,12.951888,77.57596726,Pending,00:19:04,2083-03-17
COMP_01403,Pothole near bus stop at MG Road,roads,BBMP Roads,High,13.05691637,77.57879457,In Progress,20:31:07,2073-03-31
COMP_01404,Power outage in BTM Layout for 4 days,electricity,BESCOM,High,12.87319415,77.55979613,In Progress,07:18:27,2040-04-19
COMP_01405,Broken water pipe flooding street at Malleshwaram,water,BWSSB,Critical,12.9904012,77.55559184,In Progress,17:17:43,2063-11-13
COMP_01406,Illegal garbage dumping near BTM Layout,garbage,BBMP Sanitation,Medium,12.9199336,77.59811487,In Progress,19:48:31,2071-06-27
COMP_01407,Power outage in Malleshwaram for 10 days,electricity,BESCOM,Critical,12.9396837,77.64316022,Pending,13:51:08,2084-11-06
COMP_01408,Illegal garbage dumping near Koramangala,garbage,BBMP Sanitation,High,13.02208441,77.58136631,Pending,10:23:23,2028-09-02
COMP_01409,No water supply in Yelahanka since 5 days,water,BWSSB,Critical,12.97337614,77.55627325,In Progress,08:52:02,2058-06-24
COMP_01410,Water leakage reported at Malleshwaram,water,BWSSB,High,12.87801507,77.59761049,In Progress,23:06:42,2029-01-11
COMP_01411,Water contamination issue at BTM Layout,water,BWSSB,High,12.87718974,77.66924916,In Progress,15:47:41,2052-11-02
COMP_01412,Overflowing dustbin at MG Road,garbage,BBMP Sanitation,High,13.03212115,77.6632743,Pending,03:21:20,2101-06-03
COMP_01413,Broken water pipe flooding street at Malleshwaram,water,BWSSB,Critical,12.98580929,77.63680959,In Progress,03:35:19,2020-01-17
COMP_01414,Power outage in Malleshwaram for 5 days,electricity,BESCOM,High,13.05934583,77.66014763,Pending,16:16:49,2091-03-09
COMP_01415,Electric pole damaged near Koramangala,electricity,BESCOM,High,13.04106738,77.5368666,In Progress,13:19:38,2065-12-16
COMP_01416,Water leakage reported at BTM Layout,water,BWSSB,High,13.05005142,77.52503362,In Progress,23:06:41,2114-01-24
COMP_01417,Water contamination issue at Yelahanka,water,BWSSB,Critical,13.06105324,77.49550101,In Progress,01:16:37,2106-02-04
COMP_01418,Pothole near bus stop at Malleshwaram,roads,BBMP Roads,Medium,12.96716684,77.50300762,Pending,09:13:20,2115-04-02
COMP_01419,Multiple cracks on road at MG Road,roads,BBMP Roads,Medium,13.06332848,77.50910933,Pending,22:37:38,2092-03-31
COMP_01420,Pothole near bus stop at Indiranagar,roads,BBMP Roads,High,12.99763682,77.51497458,Pending,21:31:22,2045-05-09
COMP_01421,Power outage in MG Road for 1 days,electricity,BESCOM,Critical,12.91820726,77.66234133,Pending,08:24:19,2065-08-09
COMP_01422,Overflowing dustbin at Yelahanka,garbage,BBMP Sanitation,Medium,12.96062041,77.68900296,Pending,19:16:19,2027-03-01
COMP_01423,Broken water pipe flooding street at Whitefield,water,BWSSB,High,12.90207497,77.53828956,In Progress,10:17:37,2109-10-17
COMP_01424,Road surface damaged at Whitefield,roads,BBMP Roads,Medium,13.06890746,77.60368761,Pending,13:04:11,2104-03-27
COMP_01425,Illegal garbage dumping near BTM Layout,garbage,BBMP Sanitation,Medium,12.90040444,77.6731012,Pending,10:08:30,2075-06-23
COMP_01426,Transformer issue reported at MG Road,electricity,BESCOM,Critical,12.97056493,77.67754917,In Progress,03:35:27,2108-04-14
COMP_01427,Large pothole near Indiranagar causing traffic issues,roads,BBMP Roads,Medium,12.91097943,77.65081412,In Progress,09:51:01,2061-12-23
COMP_01428,Electric pole damaged near Yelahanka,electricity,BESCOM,Critical,13.04924918,77.6477591,Pending,23:01:11,2109-03-03
COMP_01429,Illegal garbage dumping near BTM Layout,garbage,BBMP Sanitation,Medium,12.99924669,77.58335691,In Progress,23:00:35,2024-10-18
COMP_01430,Multiple cracks on road at Koramangala,roads,BBMP Roads,Medium,12.93679931,77.61769988,In Progress,00:58:21,2101-10-13
COMP_01431,Power outage in BTM Layout for 9 days,electricity,BESCOM,High,12.9382771,77.52359598,In Progress,08:32:02,2049-07-14
COMP_01432,Multiple cracks on road at Indiranagar,roads,BBMP Roads,Medium,12.92696705,77.50473749,In Progress,09:05:29,2058-12-24
COMP_01433,Illegal garbage dumping near Malleshwaram,garbage,BBMP Sanitation,High,12.91181932,77.55953908,In Progress,00:45:58,2067-03-08
COMP_01434,Road surface damaged at Indiranagar,roads,BBMP Roads,Medium,13.06866631,77.59200869,Pending,06:36:37,2068-07-03
COMP_01435,Water contamination issue at BTM Layout,water,BWSSB,High,12.99440995,77.6402349,Pending,09:23:22,2050-10-18
COMP_01436,Street lights not working at BTM Layout,electricity,BESCOM,High,13.0144099,77.52250442,Pending,05:35:29,2077-02-18
COMP_01437,Garbage not collected at Jayanagar for 7 days,garbage,BBMP Sanitation,Medium,12.99809581,77.57536613,In Progress,17:03:10,2039-03-28
COMP_01438,Waste scattered on road at MG Road,garbage,BBMP Sanitation,High,12.89278746,77.61233448,Pending,10:57:29,2065-09-08
COMP_01439,Water leakage reported at Jayanagar,water,BWSSB,High,13.03449604,77.69038743,Pending,00:55:24,2079-07-11
COMP_01440,Illegal garbage dumping near BTM Layout,garbage,BBMP Sanitation,Medium,12.89838361,77.59825604,Pending,10:36:01,2067-09-26
COMP_01441,Transformer issue reported at Koramangala,electricity,BESCOM,High,13.06903143,77.59151682,Pending,06:25:45,2081-04-10
COMP_01442,Power outage in Yelahanka for 5 days,electricity,BESCOM,High,13.04606688,77.64318205,Pending,15:19:30,2038-06-25
COMP_01443,Broken water pipe flooding street at Yelahanka,water,BWSSB,High,12.93661181,77.54102566,Pending,18:58:03,2062-09-14
COMP_01444,No water supply in Malleshwaram since 3 days,water,BWSSB,Critical,13.01003636,77.67922446,In Progress,18:42:44,2060-08-03
COMP_01445,No water supply in BTM Layout since 5 days,water,BWSSB,Critical,13.04586218,77.58441015,Pending,21:04:06,2074-12-16
COMP_01446,Road surface damaged at Jayanagar,roads,BBMP Roads,High,13.05767086,77.62971161,In Progress,11:50:32,2084-03-01
COMP_01447,Large pothole near Koramangala causing traffic issues,roads,BBMP Roads,High,12.91144989,77.53142113,In Progress,03:14:34,2025-08-13
COMP_01448,No water supply in MG Road since 3 days,water,BWSSB,High,12.9224711,77.51496863,Pending,02:47:02,2084-11-01
COMP_01449,Waste scattered on road at BTM Layout,garbage,BBMP Sanitation,High,13.00540687,77.59407459,In Progress,03:56:18,2023-06-11
COMP_01450,Street lights not working at Indiranagar,electricity,BESCOM,Critical,13.05350601,77.60721742,In Progress,05:06:28,2061-10-15
COMP_01451,Garbage not collected at Koramangala for 1 days,garbage,BBMP Sanitation,Medium,12.95407121,77.50975066,Pending,02:40:56,2066-09-23
COMP_01452,Electric pole damaged near Koramangala,electricity,BESCOM,High,13.0658574,77.5639477,In Progress,01:02:00,2068-05-05
COMP_01453,Waste scattered on road at Whitefield,garbage,BBMP Sanitation,Medium,12.90006652,77.54816059,Pending,22:01:38,2054-04-05
COMP_01454,No water supply in Malleshwaram since 9 days,water,BWSSB,High,12.87933356,77.69322163,In Progress,06:48:16,2064-09-08
COMP_01455,Power outage in Jayanagar for 7 days,electricity,BESCOM,Critical,12.88610563,77.55896353,In Progress,06:25:40,2032-03-12
COMP_01456,Broken water pipe flooding street at Jayanagar,water,BWSSB,Critical,13.00959023,77.58699083,In Progress,09:53:53,2054-10-16
COMP_01457,Street lights not working at Indiranagar,electricity,BESCOM,High,13.02002325,77.60074651,In Progress,07:37:36,2112-02-19
COMP_01458,Transformer issue reported at Koramangala,electricity,BESCOM,High,13.03971569,77.67310492,Pending,13:09:52,2025-09-23
COMP_01459,Transformer issue reported at Koramangala,electricity,BESCOM,High,13.00693013,77.67559973,Pending,02:08:39,2027-12-19
COMP_01460,Transformer issue reported at Malleshwaram,electricity,BESCOM,High,13.04494955,77.57704559,Pending,11:21:10,2059-02-06
COMP_01461,Road surface damaged at Jayanagar,roads,BBMP Roads,Medium,12.99080069,77.5552951,In Progress,19:11:33,2114-05-07
COMP_01462,Transformer issue reported at Malleshwaram,electricity,BESCOM,Critical,13.07089191,77.49696938,Pending,05:27:32,2071-08-27
COMP_01463,Illegal garbage dumping near Koramangala,garbage,BBMP Sanitation,High,12.99693587,77.52232356,In Progress,21:52:14,2023-04-05
COMP_01464,Overflowing dustbin at Malleshwaram,garbage,BBMP Sanitation,Medium,12.89434293,77.58305617,In Progress,10:52:21,2092-08-23
COMP_01465,Garbage not collected at MG Road for 8 days,garbage,BBMP Sanitation,High,12.93485648,77.59080262,In Progress,09:22:58,2043-11-01
COMP_01466,No water supply in BTM Layout since 3 days,water,BWSSB,Critical,13.00014903,77.57071209,In Progress,08:24:08,2064-06-26
COMP_01467,No water supply in Indiranagar since 5 days,water,BWSSB,Critical,12.99674008,77.58215493,In Progress,17:55:57,2087-01-30
COMP_01468,Power outage in Koramangala for 4 days,electricity,BESCOM,Critical,13.01486253,77.57587977,Pending,08:42:41,2070-01-14
COMP_01469,Road surface damaged at Yelahanka,roads,BBMP Roads,High,13.01877777,77.6870338,Pending,07:49:27,2102-01-05
COMP_01470,Large pothole near MG Road causing traffic issues,roads,BBMP Roads,High,12.97899853,77.57675795,In Progress,18:11:47,2054-12-03
COMP_01471,Waste scattered on road at Koramangala,garbage,BBMP Sanitation,High,12.91860746,77.68620472,Pending,15:11:37,2114-09-17
COMP_01472,Road surface damaged at MG Road,roads,BBMP Roads,High,13.05631027,77.55733896,Pending,19:50:29,2026-03-27
COMP_01473,Broken water pipe flooding street at Indiranagar,water,BWSSB,Critical,12.95630017,77.64789457,Pending,05:30:16,2024-06-27
COMP_01474,Street lights not working at Indiranagar,electricity,BESCOM,High,12.95674252,77.63430982,In Progress,02:30:06,2024-01-21
COMP_01475,Overflowing dustbin at BTM Layout,garbage,BBMP Sanitation,Medium,12.88263698,77.53612381,In Progress,15:50:42,2024-05-21
COMP_01476,Transformer issue reported at MG Road,electricity,BESCOM,Critical,12.96650987,77.53781335,In Progress,02:42:29,2021-02-13
COMP_01477,Power outage in MG Road for 2 days,electricity,BESCOM,Critical,12.90123124,77.68574415,Pending,08:27:08,2026-04-17
COMP_01478,Large pothole near Whitefield causing traffic issues,roads,BBMP Roads,High,12.8940346,77.63134232,In Progress,17:37:02,2024-02-21
COMP_01479,Street lights not working at Indiranagar,electricity,BESCOM,Critical,12.89676701,77.69131604,Pending,14:11:32,2025-09-08
COMP_01480,Garbage not collected at Indiranagar for 9 days,garbage,BBMP Sanitation,High,12.96799725,77.63571079,Pending,15:57:45,2020-10-24
COMP_01481,Waste scattered on road at Koramangala,garbage,BBMP Sanitation,Medium,12.89646286,77.5668544,In Progress,16:02:59,2026-06-14
COMP_01482,Power outage in Whitefield for 5 days,electricity,BESCOM,Critical,12.91097003,77.62981734,In Progress,15:00:44,2021-07-10
COMP_01483,Pothole near bus stop at BTM Layout,roads,BBMP Roads,Medium,13.0593328,77.50573664,In Progress,17:09:56,2026-10-31
COMP_01484,Broken water pipe flooding street at Malleshwaram,water,BWSSB,High,12.97717753,77.58360578,Pending,01:14:05,2025-11-04
COMP_01485,Waste scattered on road at Malleshwaram,garbage,BBMP Sanitation,Medium,12.97087215,77.67337581,In Progress,17:11:27,2020-01-22
COMP_01486,Broken water pipe flooding street at Koramangala,water,BWSSB,Critical,12.97334253,77.61204679,Pending,15:44:11,2026-05-19
COMP_01487,Broken water pipe flooding street at Malleshwaram,water,BWSSB,High,12.87530717,77.6914875,In Progress,16:45:44,2026-10-27
COMP_01488,Overflowing dustbin at Malleshwaram,garbage,BBMP Sanitation,High,12.93095855,77.62381709,In Progress,23:11:59,2020-06-09
COMP_01489,Water leakage reported at Koramangala,water,BWSSB,High,13.06500376,77.63768285,In Progress,01:08:31,2025-01-01
COMP_01490,Broken water pipe flooding street at Yelahanka,water,BWSSB,Critical,13.03325337,77.63635475,Pending,11:57:50,2024-10-21
COMP_01491,Power outage in Indiranagar for 3 days,electricity,BESCOM,High,12.96937299,77.58977034,In Progress,09:33:59,2021-06-19
COMP_01492,Garbage not collected at Jayanagar for 6 days,garbage,BBMP Sanitation,High,12.88080481,77.50590589,In Progress,10:59:21,2025-09-19
COMP_01493,Transformer issue reported at Yelahanka,electricity,BESCOM,Critical,12.95524093,77.53181722,In Progress,02:15:44,2026-09-26
COMP_01494,Illegal garbage dumping near BTM Layout,garbage,BBMP Sanitation,High,12.88715316,77.50873898,In Progress,16:45:34,2025-01-11
COMP_01495,Large pothole near Koramangala causing traffic issues,roads,BBMP Roads,Medium,12.97976902,77.61574575,Pending,15:23:25,2024-10-24
COMP_01496,Waste scattered on road at Koramangala,garbage,BBMP Sanitation,Medium,12.99473659,77.6288761,Pending,03:08:33,2024-02-06
COMP_01497,Waste scattered on road at BTM Layout,garbage,BBMP Sanitation,High,13.00521736,77.59239616,In Progress,07:43:19,2020-05-16
COMP_01498,Road surface damaged at Indiranagar,roads,BBMP Roads,Medium,13.01384718,77.62402005,In Progress,22:19:36,2025-06-22
COMP_01499,Pothole near bus stop at MG Road,roads,BBMP Roads,Medium,12.99428884,77.58277991,In Progress,06:13:53,2021-08-29
COMP_01500,Waste scattered on road at MG Road,garbage,BBMP Sanitation,Medium,13.06898478,77.56762533,Pending,00:28:10,2022-09-14
COMP_01501,Illegal garbage dumping near Malleshwaram,garbage,BBMP Sanitation,Medium,12.87788869,77.59118906,Pending,05:56:54,2020-06-14
COMP_01502,Large pothole near Indiranagar causing traffic issues,roads,BBMP Roads,High,12.88071417,77.58927158,In Progress,22:18:08,2024-02-22
COMP_01503,Large pothole near Koramangala causing traffic issues,roads,BBMP Roads,High,12.87527913,77.52014563,In Progress,04:06:23,2026-01-29
COMP_01504,Electric pole damaged near Yelahanka,electricity,BESCOM,High,13.00556719,77.67759102,Pending,21:04:52,2021-06-24
COMP_01505,Electric pole damaged near Yelahanka,electricity,BESCOM,Critical,13.0146542,77.60848392,In Progress,19:54:56,2023-07-17
COMP_01506,Illegal garbage dumping near BTM Layout,garbage,BBMP Sanitation,High,12.94285225,77.64329822,Pending,06:48:43,2024-08-14
COMP_01507,Multiple cracks on road at Malleshwaram,roads,BBMP Roads,High,12.9178873,77.52144698,Pending,09:02:33,2025-07-26
COMP_01508,Waste scattered on road at Indiranagar,garbage,BBMP Sanitation,Medium,12.88262095,77.52753537,In Progress,15:07:04,2024-08-28
COMP_01509,No water supply in MG Road since 6 days,water,BWSSB,Critical,12.8879821,77.49860261,Pending,22:48:32,2020-11-24
COMP_01510,Power outage in Koramangala for 9 days,electricity,BESCOM,High,13.0541896,77.5273235,Pending,03:13:17,2020-07-18
COMP_01511,Water leakage reported at Indiranagar,water,BWSSB,Critical,12.97524353,77.51737727,Pending,09:29:48,2020-12-09
COMP_01512,Garbage not collected at MG Road for 10 days,garbage,BBMP Sanitation,High,12.99930015,77.65817716,In Progress,08:00:40,2022-07-16
COMP_01513,Water leakage reported at Whitefield,water,BWSSB,High,13.03010152,77.54530487,Pending,22:09:24,2021-08-29
COMP_01514,Water leakage reported at MG Road,water,BWSSB,High,13.0219137,77.54729235,In Progress,07:46:27,2022-08-18
COMP_01515,Electric pole damaged near Koramangala,electricity,BESCOM,High,12.91533491,77.50075094,In Progress,14:54:06,2022-02-16
COMP_01516,Overflowing dustbin at MG Road,garbage,BBMP Sanitation,Medium,12.93383158,77.52043479,In Progress,03:05:11,2026-10-19
COMP_01517,Street lights not working at BTM Layout,electricity,BESCOM,High,13.03925045,77.53090333,Pending,15:19:57,2024-01-10
COMP_01518,Electric pole damaged near Koramangala,electricity,BESCOM,High,12.95509098,77.62195853,Pending,08:49:24,2024-11-15
COMP_01519,Pothole near bus stop at Koramangala,roads,BBMP Roads,Medium,12.97701503,77.5547398,Pending,05:28:48,2020-11-16
COMP_01520,Power outage in Malleshwaram for 5 days,electricity,BESCOM,High,13.04989365,77.67750683,In Progress,04:41:37,2025-09-10
COMP_01521,Water leakage reported at Koramangala,water,BWSSB,Critical,13.00814198,77.61991345,In Progress,19:42:05,2023-06-06
COMP_01522,Water contamination issue at Indiranagar,water,BWSSB,High,12.92422757,77.54731358,In Progress,14:42:02,2026-09-21
COMP_01523,No water supply in Yelahanka since 6 days,water,BWSSB,High,12.97345498,77.61551496,Pending,01:03:24,2023-01-28
COMP_01524,Garbage not collected at MG Road for 10 days,garbage,BBMP Sanitation,High,12.87682842,77.55558592,Pending,15:00:19,2025-08-11
COMP_01525,Garbage not collected at Whitefield for 3 days,garbage,BBMP Sanitation,Medium,12.92453417,77.60008403,Pending,22:32:24,2024-09-04
COMP_01526,Power outage in MG Road for 6 days,electricity,BESCOM,Critical,12.89718516,77.54340576,Pending,13:12:43,2024-05-09
COMP_01527,Large pothole near Whitefield causing traffic issues,roads,BBMP Roads,Medium,12.93419032,77.64134347,Pending,17:39:48,2024-05-24
COMP_01528,Waste scattered on road at Indiranagar,garbage,BBMP Sanitation,Medium,12.91287807,77.65235532,Pending,04:42:17,2024-11-11
COMP_01529,Large pothole near MG Road causing traffic issues,roads,BBMP Roads,Medium,13.05445166,77.55186679,In Progress,17:42:54,2021-05-03
COMP_01530,Transformer issue reported at Whitefield,electricity,BESCOM,Critical,12.90873203,77.56666232,In Progress,14:35:31,2024-09-26
COMP_01531,Water contamination issue at Indiranagar,water,BWSSB,Critical,13.00596432,77.66283777,Pending,13:56:48,2020-04-26
COMP_01532,Water contamination issue at MG Road,water,BWSSB,Critical,12.89139912,77.62563835,Pending,06:21:31,2020-12-25
COMP_01533,Water contamination issue at Whitefield,water,BWSSB,High,12.94762842,77.58973619,In Progress,04:31:06,2023-03-23
COMP_01534,Water leakage reported at MG Road,water,BWSSB,High,12.94069342,77.63710013,In Progress,07:17:38,2021-11-03
COMP_01535,No water supply in MG Road since 8 days,water,BWSSB,High,12.88391174,77.53287073,Pending,23:01:22,2023-12-09
COMP_01536,Waste scattered on road at Yelahanka,garbage,BBMP Sanitation,Medium,12.91067088,77.66915729,In Progress,20:02:10,2021-12-14
COMP_01537,Transformer issue reported at MG Road,electricity,BESCOM,High,12.98853983,77.69381049,Pending,12:10:42,2023-01-04
COMP_01538,Road surface damaged at Jayanagar,roads,BBMP Roads,Medium,13.00202744,77.55153023,Pending,03:28:23,2026-11-19
COMP_01539,Road surface damaged at Indiranagar,roads,BBMP Roads,Medium,13.01181106,77.66387088,In Progress,03:35:40,2021-01-13
COMP_01540,Transformer issue reported at Whitefield,electricity,BESCOM,Critical,12.91821767,77.56866264,Pending,07:48:50,2020-12-01
COMP_01541,Transformer issue reported at Yelahanka,electricity,BESCOM,High,12.94273022,77.5859599,Pending,11:51:16,2024-05-15
COMP_01542,Street lights not working at Whitefield,electricity,BESCOM,High,13.05245766,77.63653781,In Progress,09:34:58,2025-01-02
COMP_01543,Multiple cracks on road at Indiranagar,roads,BBMP Roads,Medium,12.98156,77.63143792,In Progress,05:58:46,2023-03-03
COMP_01544,Road surface damaged at Koramangala,roads,BBMP Roads,High,12.93592606,77.5311551,In Progress,08:05:59,2021-11-27
COMP_01545,Illegal garbage dumping near Jayanagar,garbage,BBMP Sanitation,High,12.99859885,77.54052508,In Progress,17:42:10,2021-01-20
COMP_01546,No water supply in Malleshwaram since 2 days,water,BWSSB,High,12.9950869,77.55766444,In Progress,11:43:22,2020-02-26
COMP_01547,Broken water pipe flooding street at MG Road,water,BWSSB,Critical,12.87645682,77.58541587,Pending,07:19:27,2022-09-15
COMP_01548,Road surface damaged at Whitefield,roads,BBMP Roads,Medium,12.95962485,77.66400038,Pending,03:31:23,2026-08-29
COMP_01549,Street lights not working at Yelahanka,electricity,BESCOM,Critical,12.8849381,77.66772238,Pending,17:34:15,2024-10-04
COMP_01550,Broken water pipe flooding street at Malleshwaram,water,BWSSB,Critical,12.91095165,77.60084459,Pending,14:56:17,2020-07-12
COMP_01551,Garbage not collected at Whitefield for 9 days,garbage,BBMP Sanitation,Medium,13.04680169,77.59852366,In Progress,03:28:30,2022-06-08
COMP_01552,Water leakage reported at Jayanagar,water,BWSSB,Critical,12.88377535,77.66346938,Pending,01:45:37,2022-01-13
COMP_01553,Illegal garbage dumping near Koramangala,garbage,BBMP Sanitation,Medium,13.06451133,77.67032961,Pending,16:50:35,2021-11-21
COMP_01554,Electric pole damaged near MG Road,electricity,BESCOM,High,12.98528777,77.64227822,Pending,11:29:01,2025-04-09
COMP_01555,Illegal garbage dumping near Malleshwaram,garbage,BBMP Sanitation,High,12.87884862,77.64117559,In Progress,09:41:29,2023-08-18
COMP_01556,No water supply in Malleshwaram since 2 days,water,BWSSB,High,12.93157515,77.63673562,Pending,01:47:52,2023-10-01
COMP_01557,Road surface damaged at BTM Layout,roads,BBMP Roads,High,13.03589257,77.58249649,Pending,03:24:21,2021-09-29
COMP_01558,Water contamination issue at MG Road,water,BWSSB,High,12.93614109,77.52299215,Pending,03:10:48,2023-01-06
COMP_01559,Illegal garbage dumping near Koramangala,garbage,BBMP Sanitation,High,12.9497799,77.58160775,In Progress,22:00:35,2020-03-07
COMP_01560,Power outage in Indiranagar for 6 days,electricity,BESCOM,Critical,12.91748752,77.53285822,In Progress,12:48:03,2025-03-13
COMP_01561,No water supply in Koramangala since 5 days,water,BWSSB,Critical,13.00840941,77.64101305,Pending,16:54:58,2023-08-21
COMP_01562,Power outage in Yelahanka for 9 days,electricity,BESCOM,Critical,13.01238781,77.61599384,Pending,08:50:35,2024-08-21
COMP_01563,Pothole near bus stop at Indiranagar,roads,BBMP Roads,High,13.06110199,77.55803017,Pending,23:55:37,2025-07-01
COMP_01564,Illegal garbage dumping near Yelahanka,garbage,BBMP Sanitation,Medium,12.92453231,77.68617669,In Progress,16:46:08,2025-06-30
COMP_01565,Street lights not working at Malleshwaram,electricity,BESCOM,High,12.945237,77.5625707,Pending,14:51:14,2020-08-29
COMP_01566,Water leakage reported at BTM Layout,water,BWSSB,High,12.99733739,77.56262554,In Progress,16:20:13,2024-01-12
COMP_01567,Pothole near bus stop at Malleshwaram,roads,BBMP Roads,Medium,12.92852712,77.54792625,In Progress,02:52:19,2025-05-09
COMP_01568,Illegal garbage dumping near Jayanagar,garbage,BBMP Sanitation,Medium,12.89897451,77.531304,Pending,06:23:41,2025-11-21
COMP_01569,Electric pole damaged near MG Road,electricity,BESCOM,Critical,13.03117341,77.67725062,In Progress,11:22:22,2023-12-11
COMP_01570,Overflowing dustbin at Jayanagar,garbage,BBMP Sanitation,High,12.88502164,77.67822885,In Progress,04:37:39,2023-09-26
COMP_01571,Multiple cracks on road at BTM Layout,roads,BBMP Roads,Medium,13.01788213,77.56637669,Pending,13:31:15,2023-11-01
COMP_01572,Pothole near bus stop at Koramangala,roads,BBMP Roads,High,12.87260625,77.54600256,Pending,15:06:02,2023-10-15
COMP_01573,Illegal garbage dumping near Koramangala,garbage,BBMP Sanitation,High,12.97179519,77.63917452,In Progress,01:10:22,2023-03-25
COMP_01574,Large pothole near Jayanagar causing traffic issues,roads,BBMP Roads,Medium,12.9328622,77.6547011,In Progress,02:52:49,2024-02-07
COMP_01575,Broken water pipe flooding street at BTM Layout,water,BWSSB,Critical,12.93403011,77.6462348,In Progress,14:11:25,2026-07-26
COMP_01576,Illegal garbage dumping near MG Road,garbage,BBMP Sanitation,High,12.91148338,77.65307522,Pending,10:44:58,2022-06-01
COMP_01577,Overflowing dustbin at Jayanagar,garbage,BBMP Sanitation,Medium,12.98716987,77.5224286,In Progress,02:28:03,2020-02-29
COMP_01578,Electric pole damaged near Jayanagar,electricity,BESCOM,Critical,12.9043536,77.51777866,In Progress,03:43:20,2023-12-31
COMP_01579,Power outage in Indiranagar for 8 days,electricity,BESCOM,High,12.92861247,77.66100928,Pending,11:30:26,2021-03-01
COMP_01580,Water leakage reported at MG Road,water,BWSSB,High,12.97829923,77.65137464,In Progress,15:38:56,2022-06-29
COMP_01581,No water supply in MG Road since 5 days,water,BWSSB,Critical,12.94014075,77.55313078,In Progress,04:14:01,2026-03-09
COMP_01582,Electric pole damaged near MG Road,electricity,BESCOM,High,12.90603893,77.61422017,Pending,04:08:24,2022-09-28
COMP_01583,No water supply in Koramangala since 10 days,water,BWSSB,High,12.98901974,77.58578792,Pending,22:06:32,2023-11-11
COMP_01584,Power outage in Malleshwaram for 1 days,electricity,BESCOM,Critical,12.89101109,77.52292622,Pending,14:13:39,2021-12-25
COMP_01585,Water contamination issue at Koramangala,water,BWSSB,Critical,12.96285229,77.62056485,In Progress,04:12:50,2025-05-05
COMP_01586,Waste scattered on road at Whitefield,garbage,BBMP Sanitation,High,12.8856888,77.53992105,In Progress,01:28:59,2021-09-17
COMP_01587,Waste scattered on road at Whitefield,garbage,BBMP Sanitation,Medium,12.96067078,77.66025329,Pending,08:48:05,2020-11-30
COMP_01588,Power outage in BTM Layout for 10 days,electricity,BESCOM,High,13.05989414,77.60481202,In Progress,20:12:35,2020-06-22
COMP_01589,Garbage not collected at Yelahanka for 9 days,garbage,BBMP Sanitation,Medium,12.8909598,77.55170765,Pending,14:06:03,2026-04-14
COMP_01590,Large pothole near BTM Layout causing traffic issues,roads,BBMP Roads,High,12.98718941,77.63652245,Pending,20:17:07,2025-11-11
COMP_01591,Garbage not collected at BTM Layout for 1 days,garbage,BBMP Sanitation,High,12.93808662,77.55576464,In Progress,16:39:23,2021-02-20
COMP_01592,Power outage in Whitefield for 10 days,electricity,BESCOM,Critical,12.99480197,77.58544042,In Progress,12:13:54,2026-02-22
COMP_01593,Water leakage reported at Malleshwaram,water,BWSSB,Critical,13.00600477,77.55694136,In Progress,23:32:02,2024-11-15
COMP_01594,Road surface damaged at BTM Layout,roads,BBMP Roads,High,12.89399385,77.56033094,In Progress,17:43:29,2025-03-26
COMP_01595,Multiple cracks on road at Yelahanka,roads,BBMP Roads,Medium,13.03441223,77.59949403,Pending,09:34:25,2022-12-07
COMP_01596,No water supply in Indiranagar since 3 days,water,BWSSB,High,12.94231418,77.51470831,In Progress,02:14:08,2025-04-28
COMP_01597,Street lights not working at Whitefield,electricity,BESCOM,High,12.99731543,77.66421189,Pending,07:45:31,2025-03-26
COMP_01598,Overflowing dustbin at BTM Layout,garbage,BBMP Sanitation,High,12.8955343,77.51329061,Pending,00:48:29,2026-03-21
COMP_01599,Power outage in Koramangala for 3 days,electricity,BESCOM,Critical,12.9730475,77.62276834,Pending,00:05:15,2026-02-13
COMP_01600,Electric pole damaged near Jayanagar,electricity,BESCOM,Critical,13.03563845,77.54592721,Pending,01:40:03,2026-10-23
COMP_01601,Electric pole damaged near BTM Layout,electricity,BESCOM,High,12.99101475,77.66848639,In Progress,10:39:26,2020-08-11
COMP_01602,Road surface damaged at BTM Layout,roads,BBMP Roads,Medium,12.88686886,77.62561335,Pending,18:17:06,2024-07-29
COMP_01603,Street lights not working at Yelahanka,electricity,BESCOM,High,12.98955537,77.69330956,In Progress,11:55:46,2025-06-17
COMP_01604,Illegal garbage dumping near Whitefield,garbage,BBMP Sanitation,High,13.00274903,77.62002033,In Progress,01:14:03,2023-02-17
COMP_01605,Multiple cracks on road at Jayanagar,roads,BBMP Roads,Medium,12.98399461,77.67253238,In Progress,13:43:26,2024-02-27
COMP_01606,Street lights not working at Jayanagar,electricity,BESCOM,Critical,13.05438237,77.59059565,Pending,07:16:22,2020-06-27
COMP_01607,Electric pole damaged near Yelahanka,electricity,BESCOM,High,13.03098428,77.67964452,Pending,03:56:22,2022-02-03
COMP_01608,Electric pole damaged near Malleshwaram,electricity,BESCOM,Critical,12.92086742,77.52739864,In Progress,12:50:16,2020-02-27
COMP_01609,Water leakage reported at Jayanagar,water,BWSSB,High,12.99464538,77.65591787,Pending,05:23:36,2020-05-20
COMP_01610,Road surface damaged at Jayanagar,roads,BBMP Roads,High,12.9268356,77.60680418,In Progress,09:24:21,2023-04-02
COMP_01611,Illegal garbage dumping near Indiranagar,garbage,BBMP Sanitation,High,12.9898742,77.687044,In Progress,21:33:51,2020-06-04
COMP_01612,Street lights not working at Indiranagar,electricity,BESCOM,High,12.91434304,77.50239767,Pending,10:10:14,2022-04-11
COMP_01613,Pothole near bus stop at Jayanagar,roads,BBMP Roads,Medium,12.96660255,77.4958306,In Progress,23:59:41,2020-04-10
COMP_01614,Road surface damaged at Indiranagar,roads,BBMP Roads,High,13.00782813,77.6336826,In Progress,05:59:36,2025-11-27
COMP_01615,Water leakage reported at Jayanagar,water,BWSSB,High,12.98138246,77.55184994,Pending,10:33:45,2023-06-02
COMP_01616,Electric pole damaged near Malleshwaram,electricity,BESCOM,High,12.87530369,77.68344756,In Progress,15:37:46,2024-01-08
COMP_01617,Garbage not collected at Yelahanka for 10 days,garbage,BBMP Sanitation,Medium,13.00665945,77.55662172,In Progress,20:49:41,2023-12-24
COMP_01618,Water leakage reported at Jayanagar,water,BWSSB,Critical,12.97657884,77.62635643,In Progress,07:25:09,2023-08-14
COMP_01619,Water leakage reported at MG Road,water,BWSSB,Critical,12.99402933,77.50314208,In Progress,02:49:16,2023-01-04
COMP_01620,Overflowing dustbin at Indiranagar,garbage,BBMP Sanitation,Medium,12.95671167,77.62044448,In Progress,11:59:53,2024-05-08
COMP_01621,Waste scattered on road at Indiranagar,garbage,BBMP Sanitation,High,12.94169176,77.69341316,Pending,00:55:47,2026-11-21
COMP_01622,Garbage not collected at BTM Layout for 9 days,garbage,BBMP Sanitation,Medium,12.91162701,77.65224887,Pending,12:12:12,2025-11-08
COMP_01623,Water contamination issue at Jayanagar,water,BWSSB,High,12.8926,77.67674718,Pending,07:19:56,2025-01-02
COMP_01624,Power outage in Indiranagar for 10 days,electricity,BESCOM,High,12.8843285,77.49647035,Pending,07:24:12,2023-04-17
COMP_01625,Power outage in Malleshwaram for 6 days,electricity,BESCOM,High,13.06093751,77.55010636,In Progress,19:19:03,2026-05-19
COMP_01626,Multiple cracks on road at Koramangala,roads,BBMP Roads,Medium,13.05060351,77.56097683,In Progress,09:43:54,2022-10-08
COMP_01627,Power outage in Jayanagar for 7 days,electricity,BESCOM,High,12.99746803,77.66315293,In Progress,15:24:34,2026-02-03
COMP_01628,Large pothole near BTM Layout causing traffic issues,roads,BBMP Roads,Medium,12.87167749,77.56914699,In Progress,05:59:55,2020-10-23
COMP_01629,Water contamination issue at BTM Layout,water,BWSSB,Critical,13.03129808,77.62763394,Pending,17:05:00,2021-09-21
COMP_01630,Street lights not working at Whitefield,electricity,BESCOM,Critical,12.92106609,77.53917849,In Progress,04:32:43,2026-04-14
COMP_01631,Illegal garbage dumping near BTM Layout,garbage,BBMP Sanitation,High,13.06023596,77.65885309,In Progress,04:56:50,2026-11-25
COMP_01632,Waste scattered on road at MG Road,garbage,BBMP Sanitation,High,12.93196613,77.64340574,Pending,08:09:09,2024-04-18
COMP_01633,No water supply in MG Road since 3 days,water,BWSSB,Critical,12.97307297,77.65072639,In Progress,08:12:42,2026-04-17
COMP_01634,Water contamination issue at Jayanagar,water,BWSSB,High,13.02125728,77.59777282,Pending,10:41:11,2021-10-17
COMP_01635,Illegal garbage dumping near BTM Layout,garbage,BBMP Sanitation,High,12.99255161,77.66694864,Pending,21:12:08,2022-10-07
COMP_01636,Broken water pipe flooding street at Jayanagar,water,BWSSB,Critical,13.02825554,77.67968372,Pending,01:37:03,2024-03-17
COMP_01637,Illegal garbage dumping near Jayanagar,garbage,BBMP Sanitation,Medium,13.06613253,77.58051172,Pending,07:07:50,2023-06-04
COMP_01638,Power outage in Indiranagar for 10 days,electricity,BESCOM,Critical,12.97946261,77.55970451,In Progress,18:09:31,2022-10-21
COMP_01639,Multiple cracks on road at BTM Layout,roads,BBMP Roads,Medium,13.00010036,77.66993704,Pending,15:36:05,2021-12-21
COMP_01640,No water supply in MG Road since 7 days,water,BWSSB,High,12.8741366,77.50187619,Pending,21:36:12,2022-10-15
COMP_01641,Transformer issue reported at Jayanagar,electricity,BESCOM,High,12.92602954,77.50495166,Pending,07:01:25,2022-01-21
COMP_01642,Water leakage reported at MG Road,water,BWSSB,Critical,12.87787725,77.68836144,Pending,05:51:27,2020-12-25
COMP_01643,Illegal garbage dumping near Indiranagar,garbage,BBMP Sanitation,Medium,12.95836018,77.61606123,Pending,00:46:40,2021-05-27
COMP_01644,Pothole near bus stop at Indiranagar,roads,BBMP Roads,Medium,12.9706705,77.64671809,Pending,08:43:48,2022-06-21
COMP_01645,Illegal garbage dumping near Whitefield,garbage,BBMP Sanitation,Medium,12.9226952,77.66292384,In Progress,13:00:57,2024-07-04
COMP_01646,Garbage not collected at MG Road for 8 days,garbage,BBMP Sanitation,Medium,13.06121287,77.66987861,In Progress,15:36:40,2026-08-14
COMP_01647,Transformer issue reported at Malleshwaram,electricity,BESCOM,High,12.87526092,77.55800725,Pending,20:16:24,2024-10-13
COMP_01648,Garbage not collected at Whitefield for 1 days,garbage,BBMP Sanitation,High,12.93579463,77.67653039,In Progress,05:42:04,2023-01-27
COMP_01649,Street lights not working at Malleshwaram,electricity,BESCOM,High,12.87497781,77.5481819,Pending,18:43:37,2024-04-09
COMP_01650,Waste scattered on road at MG Road,garbage,BBMP Sanitation,High,12.97254328,77.5799468,In Progress,15:33:35,2022-07-26
COMP_01651,Electric pole damaged near Koramangala,electricity,BESCOM,High,12.93879403,77.62191522,Pending,19:34:21,2022-09-26
COMP_01652,Multiple cracks on road at Yelahanka,roads,BBMP Roads,High,12.87590637,77.52290429,In Progress,07:12:57,2020-07-10
COMP_01653,Broken water pipe flooding street at MG Road,water,BWSSB,Critical,12.97374855,77.5647391,Pending,00:04:14,2026-08-28
COMP_01654,Broken water pipe flooding street at Yelahanka,water,BWSSB,Critical,12.94212858,77.49928173,In Progress,23:50:32,2025-12-16
COMP_01655,Multiple cracks on road at Koramangala,roads,BBMP Roads,Medium,12.96794324,77.60417007,Pending,13:51:34,2021-09-23
COMP_01656,Illegal garbage dumping near Indiranagar,garbage,BBMP Sanitation,Medium,13.03207194,77.5290737,In Progress,10:20:23,2024-08-21
COMP_01657,Overflowing dustbin at Yelahanka,garbage,BBMP Sanitation,High,12.88543283,77.65941095,In Progress,19:15:27,2020-10-29
COMP_01658,No water supply in Malleshwaram since 10 days,water,BWSSB,Critical,12.8843321,77.49945732,Pending,17:02:36,2025-01-23
COMP_01659,Power outage in Koramangala for 2 days,electricity,BESCOM,High,12.93353438,77.65655329,In Progress,01:32:38,2025-04-21
COMP_01660,Transformer issue reported at Yelahanka,electricity,BESCOM,High,13.06246339,77.50408759,Pending,03:08:35,2020-02-29
COMP_01661,Water leakage reported at Koramangala,water,BWSSB,Critical,13.00142645,77.65121174,In Progress,10:38:19,2022-03-24
COMP_01662,Street lights not working at Whitefield,electricity,BESCOM,High,13.03885823,77.66438676,In Progress,02:08:01,2020-08-28
COMP_01663,No water supply in Jayanagar since 10 days,water,BWSSB,High,13.03324134,77.5268142,In Progress,16:21:39,2020-12-06
COMP_01664,Water contamination issue at Yelahanka,water,BWSSB,High,12.99265722,77.58846705,In Progress,07:38:50,2025-04-10
COMP_01665,No water supply in Jayanagar since 3 days,water,BWSSB,High,13.05613058,77.62142531,Pending,05:35:16,2026-02-05
COMP_01666,Street lights not working at Whitefield,electricity,BESCOM,Critical,12.96985082,77.55457455,In Progress,11:30:18,2022-10-16
COMP_01667,Large pothole near Whitefield causing traffic issues,roads,BBMP Roads,Medium,13.05515302,77.50150614,In Progress,03:29:30,2023-01-06
COMP_01668,Street lights not working at Whitefield,electricity,BESCOM,Critical,13.05141335,77.57288661,In Progress,22:33:04,2025-12-09
COMP_01669,Illegal garbage dumping near Indiranagar,garbage,BBMP Sanitation,High,12.9074863,77.60401728,Pending,10:38:09,2024-08-24
COMP_01670,Power outage in Koramangala for 7 days,electricity,BESCOM,Critical,12.95731019,77.55593578,In Progress,12:11:54,2023-11-28
COMP_01671,Garbage not collected at Whitefield for 5 days,garbage,BBMP Sanitation,Medium,12.95370491,77.61161489,Pending,10:53:28,2022-03-27
COMP_01672,Broken water pipe flooding street at Indiranagar,water,BWSSB,High,12.879199,77.51939845,In Progress,09:39:04,2020-12-13
COMP_01673,Overflowing dustbin at Whitefield,garbage,BBMP Sanitation,Medium,12.88668405,77.53929473,In Progress,15:16:40,2022-10-31
COMP_01674,Broken water pipe flooding street at BTM Layout,water,BWSSB,Critical,13.0134797,77.55011481,In Progress,08:04:43,2025-03-07
COMP_01675,Waste scattered on road at Malleshwaram,garbage,BBMP Sanitation,Medium,12.94240722,77.57337748,In Progress,22:52:08,2021-08-08
COMP_01676,Street lights not working at Whitefield,electricity,BESCOM,Critical,12.99089734,77.65196393,Pending,21:07:15,2025-02-18
COMP_01677,Multiple cracks on road at Indiranagar,roads,BBMP Roads,Medium,12.97690099,77.51446574,In Progress,14:57:00,2023-10-22
COMP_01678,Electric pole damaged near BTM Layout,electricity,BESCOM,Critical,13.04191713,77.65550495,Pending,07:31:48,2024-02-03
COMP_01679,Large pothole near MG Road causing traffic issues,roads,BBMP Roads,Medium,12.9239921,77.6888137,Pending,06:08:36,2022-01-04
COMP_01680,Waste scattered on road at Malleshwaram,garbage,BBMP Sanitation,Medium,12.9849193,77.59324302,In Progress,21:19:36,2024-02-12
COMP_01681,Transformer issue reported at Indiranagar,electricity,BESCOM,Critical,13.01050456,77.52796123,In Progress,02:19:02,2026-10-21
COMP_01682,Water leakage reported at BTM Layout,water,BWSSB,High,12.95959076,77.64381824,In Progress,16:17:39,2024-06-09
COMP_01683,Broken water pipe flooding street at Whitefield,water,BWSSB,High,13.05423869,77.65267201,In Progress,00:24:15,2023-02-20
COMP_01684,Road surface damaged at MG Road,roads,BBMP Roads,High,13.03518906,77.56319475,Pending,22:09:33,2024-04-17
COMP_01685,Garbage not collected at Koramangala for 10 days,garbage,BBMP Sanitation,Medium,13.00146733,77.51248096,In Progress,07:59:50,2020-12-21
COMP_01686,Electric pole damaged near Whitefield,electricity,BESCOM,High,12.88652476,77.58326138,In Progress,18:04:02,2025-11-17
COMP_01687,Broken water pipe flooding street at Yelahanka,water,BWSSB,High,13.05028268,77.53172659,In Progress,12:08:40,2024-11-17
COMP_01688,Overflowing dustbin at Yelahanka,garbage,BBMP Sanitation,High,12.92119603,77.55394781,In Progress,13:23:28,2025-10-02
COMP_01689,No water supply in BTM Layout since 7 days,water,BWSSB,High,12.99102647,77.69071209,In Progress,21:39:15,2024-01-27
COMP_01690,Transformer issue reported at Yelahanka,electricity,BESCOM,High,12.9345201,77.51896584,Pending,16:35:35,2021-01-13
COMP_01691,Water contamination issue at Whitefield,water,BWSSB,Critical,13.0460949,77.60395006,Pending,21:41:38,2024-04-14
COMP_01692,Electric pole damaged near Indiranagar,electricity,BESCOM,Critical,13.05185152,77.64419849,In Progress,23:22:27,2023-10-29
COMP_01693,Overflowing dustbin at Jayanagar,garbage,BBMP Sanitation,High,12.89565566,77.59551234,In Progress,18:47:16,2020-10-29
COMP_01694,Power outage in Yelahanka for 4 days,electricity,BESCOM,Critical,12.97712903,77.66234834,In Progress,17:49:23,2025-03-17
COMP_01695,Road surface damaged at Malleshwaram,roads,BBMP Roads,High,12.88865059,77.61056565,In Progress,13:45:57,2026-04-04
COMP_01696,Transformer issue reported at Yelahanka,electricity,BESCOM,High,12.88655179,77.61603301,Pending,19:07:50,2022-11-13
COMP_01697,Transformer issue reported at Indiranagar,electricity,BESCOM,High,12.88376502,77.59478524,In Progress,10:33:44,2024-08-17
COMP_01698,Water leakage reported at Indiranagar,water,BWSSB,Critical,13.0268174,77.54590827,Pending,02:47:48,2026-03-12
COMP_01699,Large pothole near Whitefield causing traffic issues,roads,BBMP Roads,Medium,12.88595589,77.59361709,In Progress,18:30:04,2021-05-06
COMP_01700,Water leakage reported at Malleshwaram,water,BWSSB,Critical,12.89833002,77.52270854,Pending,12:25:25,2023-03-27
COMP_01701,Water leakage reported at BTM Layout,water,BWSSB,Critical,12.99471063,77.5744808,In Progress,17:19:05,2024-04-13
COMP_01702,Water contamination issue at MG Road,water,BWSSB,Critical,12.89832361,77.55247819,In Progress,20:18:00,2022-07-08
COMP_01703,Garbage not collected at MG Road for 8 days,garbage,BBMP Sanitation,High,12.97557015,77.62124009,In Progress,18:30:00,2025-09-28
COMP_01704,Large pothole near Whitefield causing traffic issues,roads,BBMP Roads,High,13.06584707,77.60715144,Pending,06:32:54,2025-08-27
COMP_01705,Water leakage reported at Jayanagar,water,BWSSB,Critical,13.03927306,77.68198051,In Progress,15:55:16,2022-10-19
COMP_01706,Waste scattered on road at MG Road,garbage,BBMP Sanitation,Medium,13.06926583,77.60167596,In Progress,10:03:02,2021-01-27
COMP_01707,Pothole near bus stop at Yelahanka,roads,BBMP Roads,High,13.00940153,77.64096039,In Progress,19:46:24,2022-10-12
COMP_01708,Transformer issue reported at BTM Layout,electricity,BESCOM,High,13.06284877,77.65595403,In Progress,20:27:58,2023-08-05
COMP_01709,Road surface damaged at Malleshwaram,roads,BBMP Roads,Medium,12.91026948,77.60035656,In Progress,23:17:18,2022-11-24
COMP_01710,Street lights not working at Indiranagar,electricity,BESCOM,High,13.02031423,77.66093615,Pending,12:47:46,2021-05-28
COMP_01711,Waste scattered on road at Whitefield,garbage,BBMP Sanitation,Medium,12.9440137,77.6302549,Pending,22:54:59,2022-01-22
COMP_01712,No water supply in Yelahanka since 4 days,water,BWSSB,Critical,12.94916797,77.49845848,Pending,09:05:39,2026-03-01
COMP_01713,Illegal garbage dumping near BTM Layout,garbage,BBMP Sanitation,High,12.88247148,77.49851226,In Progress,01:34:10,2022-04-28
COMP_01714,Power outage in MG Road for 3 days,electricity,BESCOM,High,12.89212062,77.62065475,In Progress,07:45:55,2020-01-02
COMP_01715,Illegal garbage dumping near Koramangala,garbage,BBMP Sanitation,Medium,12.93505484,77.6177013,Pending,18:45:50,2024-05-23
COMP_01716,Garbage not collected at Jayanagar for 4 days,garbage,BBMP Sanitation,Medium,12.99668272,77.64343691,In Progress,18:43:22,2024-08-12
COMP_01717,Power outage in Koramangala for 5 days,electricity,BESCOM,Critical,12.91109072,77.66102937,In Progress,18:35:38,2022-02-07
COMP_01718,No water supply in Malleshwaram since 6 days,water,BWSSB,High,12.90988218,77.65766108,In Progress,07:17:53,2021-02-08
COMP_01719,Overflowing dustbin at BTM Layout,garbage,BBMP Sanitation,Medium,12.91948313,77.62086991,In Progress,10:35:10,2023-10-18
COMP_01720,Power outage in Indiranagar for 2 days,electricity,BESCOM,High,12.90971808,77.62887268,In Progress,06:31:52,2023-12-23
COMP_01721,Garbage not collected at Koramangala for 9 days,garbage,BBMP Sanitation,Medium,13.01605573,77.62823251,In Progress,08:39:50,2021-10-24
COMP_01722,Pothole near bus stop at MG Road,roads,BBMP Roads,Medium,12.90249804,77.56329295,Pending,14:55:22,2025-10-17
COMP_01723,Multiple cracks on road at Jayanagar,roads,BBMP Roads,Medium,12.88351367,77.51613193,In Progress,08:30:02,2023-04-12
COMP_01724,Street lights not working at Whitefield,electricity,BESCOM,High,12.93624614,77.49964584,In Progress,08:29:26,2020-08-26
COMP_01725,Water contamination issue at Whitefield,water,BWSSB,Critical,12.96436822,77.61967719,Pending,03:03:15,2023-02-11
COMP_01726,Large pothole near Koramangala causing traffic issues,roads,BBMP Roads,Medium,13.03900643,77.59369543,In Progress,07:47:27,2026-06-13
COMP_01727,Transformer issue reported at Malleshwaram,electricity,BESCOM,Critical,12.87408984,77.51351786,In Progress,21:10:53,2022-02-07
COMP_01728,Power outage in Jayanagar for 8 days,electricity,BESCOM,High,12.93866626,77.63635353,Pending,07:23:28,2025-10-18
COMP_01729,Multiple cracks on road at Whitefield,roads,BBMP Roads,Medium,12.90450835,77.52967054,In Progress,13:48:07,2026-06-18
COMP_01730,Water contamination issue at Yelahanka,water,BWSSB,High,12.94318287,77.56449216,In Progress,12:20:58,2023-08-25
COMP_01731,Garbage not collected at Malleshwaram for 6 days,garbage,BBMP Sanitation,Medium,12.92730687,77.51957985,Pending,17:04:26,2021-05-10
COMP_01732,No water supply in Whitefield since 7 days,water,BWSSB,Critical,13.06677432,77.60110364,In Progress,03:22:47,2024-01-06
COMP_01733,Overflowing dustbin at BTM Layout,garbage,BBMP Sanitation,Medium,12.96555914,77.5931866,Pending,19:21:05,2020-03-17
COMP_01734,Garbage not collected at Yelahanka for 1 days,garbage,BBMP Sanitation,High,13.02320407,77.49703457,In Progress,18:58:25,2020-06-18
COMP_01735,Street lights not working at Malleshwaram,electricity,BESCOM,Critical,12.89222683,77.58101142,Pending,00:44:31,2024-06-25
COMP_01736,Transformer issue reported at Whitefield,electricity,BESCOM,Critical,13.03501156,77.51575696,In Progress,22:17:39,2024-08-12
COMP_01737,No water supply in Jayanagar since 1 days,water,BWSSB,High,12.90062465,77.57774646,Pending,11:26:32,2023-03-18
COMP_01738,No water supply in Whitefield since 8 days,water,BWSSB,High,13.05319615,77.63718014,Pending,05:04:50,2023-11-27
COMP_01739,Street lights not working at Jayanagar,electricity,BESCOM,High,13.0191579,77.58462489,In Progress,01:44:15,2025-04-14
COMP_01740,Multiple cracks on road at BTM Layout,roads,BBMP Roads,Medium,12.92360923,77.66322587,Pending,07:12:03,2022-02-02
COMP_01741,Water leakage reported at Jayanagar,water,BWSSB,Critical,13.0551767,77.67488237,Pending,00:31:16,2024-06-28
COMP_01742,Illegal garbage dumping near Koramangala,garbage,BBMP Sanitation,High,12.88152669,77.64480968,In Progress,20:27:54,2023-05-22
COMP_01743,Power outage in BTM Layout for 3 days,electricity,BESCOM,Critical,12.95516556,77.52697684,In Progress,16:22:59,2024-09-01
COMP_01744,Water contamination issue at Indiranagar,water,BWSSB,Critical,12.88687391,77.68384717,In Progress,03:48:20,2021-10-06
COMP_01745,Broken water pipe flooding street at Yelahanka,water,BWSSB,Critical,12.92673163,77.55461726,In Progress,14:12:57,2023-04-29
COMP_01746,Overflowing dustbin at Jayanagar,garbage,BBMP Sanitation,Medium,12.8981094,77.67865237,In Progress,02:34:50,2021-03-05
COMP_01747,Overflowing dustbin at Koramangala,garbage,BBMP Sanitation,High,13.02758537,77.54529147,In Progress,20:37:39,2021-06-07
COMP_01748,Power outage in Indiranagar for 1 days,electricity,BESCOM,Critical,13.05041446,77.5565436,In Progress,13:42:12,2025-12-16
COMP_01749,Street lights not working at Jayanagar,electricity,BESCOM,High,12.94762354,77.58570006,In Progress,12:35:35,2022-03-27
COMP_01750,Transformer issue reported at Koramangala,electricity,BESCOM,Critical,13.01181721,77.5022055,Pending,05:31:56,2023-12-29
COMP_01751,Garbage not collected at Whitefield for 4 days,garbage,BBMP Sanitation,High,12.89408525,77.66247001,Pending,10:39:53,2024-03-07
COMP_01752,Street lights not working at Indiranagar,electricity,BESCOM,High,12.87763243,77.5411275,In Progress,13:35:41,2023-11-28
COMP_01753,Waste scattered on road at Malleshwaram,garbage,BBMP Sanitation,High,12.97810581,77.64231056,In Progress,18:41:50,2021-02-13
COMP_01754,Broken water pipe flooding street at Yelahanka,water,BWSSB,Critical,12.99578299,77.62692594,Pending,19:09:41,2026-10-25
COMP_01755,Power outage in BTM Layout for 2 days,electricity,BESCOM,High,12.97078608,77.58412967,In Progress,17:30:18,2020-01-26
COMP_01756,Illegal garbage dumping near Malleshwaram,garbage,BBMP Sanitation,High,13.00700765,77.69292238,In Progress,09:57:22,2023-08-14
COMP_01757,Waste scattered on road at Koramangala,garbage,BBMP Sanitation,Medium,12.87971824,77.63922718,Pending,12:22:37,2025-03-25
COMP_01758,Large pothole near Indiranagar causing traffic issues,roads,BBMP Roads,High,12.88796257,77.55131843,In Progress,19:44:17,2024-03-11
COMP_01759,Electric pole damaged near Whitefield,electricity,BESCOM,High,12.95500312,77.60720799,In Progress,08:34:37,2022-10-02
COMP_01760,Waste scattered on road at Whitefield,garbage,BBMP Sanitation,High,12.89865999,77.63163195,In Progress,12:16:12,2024-11-15
COMP_01761,Large pothole near MG Road causing traffic issues,roads,BBMP Roads,High,13.04987103,77.51423603,In Progress,18:26:58,2025-04-18
COMP_01762,Street lights not working at Whitefield,electricity,BESCOM,Critical,12.88514035,77.56819751,In Progress,20:32:16,2026-04-19
COMP_01763,Pothole near bus stop at Koramangala,roads,BBMP Roads,Medium,12.93964638,77.50467411,Pending,01:09:53,2024-12-10
COMP_01764,Large pothole near Yelahanka causing traffic issues,roads,BBMP Roads,Medium,12.90950311,77.69165917,Pending,09:56:16,2024-08-12
COMP_01765,Illegal garbage dumping near Koramangala,garbage,BBMP Sanitation,Medium,12.89983753,77.533758,Pending,14:28:53,2024-06-03
COMP_01766,Multiple cracks on road at Yelahanka,roads,BBMP Roads,Medium,12.97635158,77.56978601,Pending,17:03:36,2025-02-03
COMP_01767,Garbage not collected at Yelahanka for 9 days,garbage,BBMP Sanitation,Medium,13.06796144,77.54750916,In Progress,18:18:00,2020-05-18
COMP_01768,Pothole near bus stop at Indiranagar,roads,BBMP Roads,High,12.90949865,77.56660306,Pending,21:51:55,2025-04-26
COMP_01769,Illegal garbage dumping near Yelahanka,garbage,BBMP Sanitation,Medium,13.04124516,77.55358732,In Progress,05:32:26,2021-08-03
COMP_01770,No water supply in Jayanagar since 5 days,water,BWSSB,High,12.99366283,77.51280085,Pending,11:03:43,2022-08-23
COMP_01771,Multiple cracks on road at Indiranagar,roads,BBMP Roads,Medium,12.99334044,77.67246369,In Progress,08:12:33,2023-07-07
COMP_01772,Pothole near bus stop at Jayanagar,roads,BBMP Roads,High,13.01826799,77.63648592,In Progress,07:14:01,2024-01-04
COMP_01773,Waste scattered on road at MG Road,garbage,BBMP Sanitation,Medium,13.03902396,77.50510785,Pending,18:19:24,2022-11-11
COMP_01774,Overflowing dustbin at Koramangala,garbage,BBMP Sanitation,High,12.89527293,77.66910239,In Progress,22:37:43,2025-12-12
COMP_01775,Water contamination issue at Jayanagar,water,BWSSB,High,13.02431062,77.66592516,In Progress,00:12:53,2022-04-30
COMP_01776,Power outage in MG Road for 5 days,electricity,BESCOM,High,12.94480095,77.68174245,Pending,20:17:01,2026-11-23
COMP_01777,Waste scattered on road at Indiranagar,garbage,BBMP Sanitation,Medium,12.90704339,77.68235482,Pending,02:18:28,2022-03-25
COMP_01778,Multiple cracks on road at MG Road,roads,BBMP Roads,High,12.94025243,77.49766624,Pending,08:42:45,2026-06-12
COMP_01779,No water supply in Koramangala since 10 days,water,BWSSB,High,12.87919369,77.50237124,Pending,15:40:28,2021-10-21
COMP_01780,Broken water pipe flooding street at MG Road,water,BWSSB,High,13.04291438,77.63387906,Pending,21:46:42,2021-09-15
COMP_01781,Electric pole damaged near BTM Layout,electricity,BESCOM,High,13.05477418,77.55087682,Pending,09:13:31,2022-03-08
COMP_01782,Illegal garbage dumping near Jayanagar,garbage,BBMP Sanitation,High,12.90121774,77.69311027,Pending,17:58:58,2024-03-18
COMP_01783,Road surface damaged at Whitefield,roads,BBMP Roads,High,12.8830833,77.54905421,Pending,13:58:05,2021-01-21
COMP_01784,Overflowing dustbin at BTM Layout,garbage,BBMP Sanitation,High,12.8832847,77.51384358,Pending,19:11:23,2024-06-03
COMP_01785,Water contamination issue at Malleshwaram,water,BWSSB,High,13.0206938,77.50671595,Pending,00:27:00,2024-08-21
COMP_01786,Power outage in Koramangala for 8 days,electricity,BESCOM,High,12.90621412,77.52617388,Pending,00:45:30,2024-07-19
COMP_01787,Water leakage reported at Malleshwaram,water,BWSSB,High,12.89986575,77.66136062,In Progress,20:46:53,2023-05-13
COMP_01788,No water supply in Malleshwaram since 5 days,water,BWSSB,Critical,12.8976251,77.62134539,In Progress,21:24:50,2020-01-06
COMP_01789,Overflowing dustbin at MG Road,garbage,BBMP Sanitation,Medium,13.00354319,77.51263888,Pending,13:47:20,2023-01-26
COMP_01790,Water contamination issue at Indiranagar,water,BWSSB,Critical,12.89695148,77.60431857,Pending,12:39:02,2020-05-02
COMP_01791,Illegal garbage dumping near Koramangala,garbage,BBMP Sanitation,Medium,12.9627807,77.52587175,In Progress,18:14:10,2024-09-10
COMP_01792,Large pothole near Yelahanka causing traffic issues,roads,BBMP Roads,Medium,13.016691,77.52990727,Pending,06:10:19,2026-04-10
COMP_01793,Pothole near bus stop at BTM Layout,roads,BBMP Roads,High,12.89889815,77.54894585,In Progress,12:00:50,2024-09-03
COMP_01794,Electric pole damaged near Yelahanka,electricity,BESCOM,Critical,12.91804732,77.65741124,Pending,21:47:39,2022-02-23
COMP_01795,Multiple cracks on road at MG Road,roads,BBMP Roads,High,12.94984306,77.51515206,Pending,18:56:51,2026-10-29
COMP_01796,Illegal garbage dumping near Yelahanka,garbage,BBMP Sanitation,Medium,12.94258405,77.51933278,In Progress,00:37:34,2026-05-17
COMP_01797,Overflowing dustbin at Koramangala,garbage,BBMP Sanitation,High,13.01828815,77.65374733,In Progress,09:18:00,2024-07-30
COMP_01798,Water contamination issue at BTM Layout,water,BWSSB,Critical,13.06525094,77.55990513,In Progress,20:48:10,2025-11-25
COMP_01799,Power outage in MG Road for 8 days,electricity,BESCOM,High,12.93251798,77.51232545,Pending,07:22:27,2022-07-16
COMP_01800,Multiple cracks on road at Whitefield,roads,BBMP Roads,High,12.94569141,77.64990829,Pending,12:09:22,2025-10-17
COMP_01801,Illegal garbage dumping near BTM Layout,garbage,BBMP Sanitation,High,13.01711661,77.65879033,Pending,01:40:01,2024-05-26
COMP_01802,Illegal garbage dumping near Jayanagar,garbage,BBMP Sanitation,High,12.88020708,77.52078697,In Progress,07:40:56,2026-11-08
COMP_01803,Power outage in MG Road for 3 days,electricity,BESCOM,High,13.00531339,77.65268959,In Progress,09:58:38,2020-05-07
COMP_01804,No water supply in Yelahanka since 3 days,water,BWSSB,High,12.95991357,77.6154734,Pending,04:24:43,2022-10-11
COMP_01805,Road surface damaged at Yelahanka,roads,BBMP Roads,High,13.03649254,77.52739774,Pending,00:39:30,2023-02-18
COMP_01806,Road surface damaged at Whitefield,roads,BBMP Roads,Medium,13.02108036,77.66902858,Pending,22:00:50,2023-01-27
COMP_01807,Broken water pipe flooding street at Malleshwaram,water,BWSSB,High,12.9315539,77.56252737,In Progress,05:44:47,2024-11-07
COMP_01808,Water contamination issue at Indiranagar,water,BWSSB,High,12.98831111,77.56499476,In Progress,13:08:42,2024-03-04
COMP_01809,Water leakage reported at Jayanagar,water,BWSSB,High,12.88119149,77.58340039,Pending,02:40:13,2025-08-28
COMP_01810,Overflowing dustbin at Malleshwaram,garbage,BBMP Sanitation,Medium,12.9022915,77.49933671,In Progress,14:48:25,2020-06-09
COMP_01811,Water contamination issue at Jayanagar,water,BWSSB,High,13.02811838,77.49846165,Pending,10:33:34,2022-09-14
COMP_01812,Large pothole near Yelahanka causing traffic issues,roads,BBMP Roads,Medium,12.93661671,77.55998361,Pending,11:18:52,2021-01-10
COMP_01813,Waste scattered on road at Jayanagar,garbage,BBMP Sanitation,Medium,12.93378574,77.64338676,Pending,07:22:53,2024-01-20
COMP_01814,Broken water pipe flooding street at Malleshwaram,water,BWSSB,Critical,12.91895226,77.50313881,Pending,19:10:03,2024-05-19
COMP_01815,Waste scattered on road at Jayanagar,garbage,BBMP Sanitation,High,12.94910801,77.51131379,In Progress,08:51:22,2024-09-11
COMP_01816,Large pothole near MG Road causing traffic issues,roads,BBMP Roads,High,13.06513582,77.63731163,Pending,22:54:52,2026-07-20
COMP_01817,Pothole near bus stop at Malleshwaram,roads,BBMP Roads,High,12.94072374,77.59856918,In Progress,07:14:26,2024-05-23
COMP_01818,Multiple cracks on road at BTM Layout,roads,BBMP Roads,Medium,13.02186763,77.64001723,Pending,12:18:29,2025-01-30
COMP_01819,Water contamination issue at MG Road,water,BWSSB,High,13.00810399,77.55343361,Pending,07:34:29,2021-05-19
COMP_01820,Waste scattered on road at BTM Layout,garbage,BBMP Sanitation,Medium,12.93898925,77.52196296,Pending,22:57:32,2026-07-27
COMP_01821,No water supply in Indiranagar since 2 days,water,BWSSB,Critical,12.93923624,77.57949078,In Progress,23:20:28,2026-05-04
COMP_01822,Water contamination issue at MG Road,water,BWSSB,Critical,12.91697518,77.55535684,In Progress,06:22:04,2020-08-30
COMP_01823,Large pothole near Koramangala causing traffic issues,roads,BBMP Roads,High,12.94999551,77.69243836,In Progress,20:28:47,2021-05-19
COMP_01824,Electric pole damaged near Malleshwaram,electricity,BESCOM,Critical,12.91249907,77.67919871,In Progress,19:44:10,2026-06-13
COMP_01825,Multiple cracks on road at MG Road,roads,BBMP Roads,High,12.96096871,77.64238799,Pending,15:18:57,2022-06-29
COMP_01826,Electric pole damaged near Koramangala,electricity,BESCOM,High,12.95811473,77.60346203,Pending,02:19:29,2020-04-04
COMP_01827,Multiple cracks on road at Koramangala,roads,BBMP Roads,Medium,12.94527094,77.55248518,Pending,08:54:55,2022-10-30
COMP_01828,Road surface damaged at MG Road,roads,BBMP Roads,Medium,12.92924054,77.66820055,In Progress,01:28:07,2020-01-16
COMP_01829,Illegal garbage dumping near Indiranagar,garbage,BBMP Sanitation,High,12.90193879,77.55428744,Pending,16:24:13,2026-02-10
COMP_01830,Waste scattered on road at MG Road,garbage,BBMP Sanitation,High,12.91669433,77.51078398,In Progress,12:37:27,2025-01-02
COMP_01831,Multiple cracks on road at Whitefield,roads,BBMP Roads,Medium,12.99698759,77.53954952,Pending,03:42:05,2021-02-18
COMP_01832,Water leakage reported at Yelahanka,water,BWSSB,Critical,13.05976829,77.5486369,In Progress,03:00:58,2025-07-06
COMP_01833,Road surface damaged at Malleshwaram,roads,BBMP Roads,High,12.99414966,77.54335337,Pending,04:16:32,2021-03-27
COMP_01834,Road surface damaged at BTM Layout,roads,BBMP Roads,High,12.89345788,77.62083001,In Progress,17:09:29,2021-08-14
COMP_01835,Electric pole damaged near Indiranagar,electricity,BESCOM,High,12.91001919,77.63885955,In Progress,05:58:29,2023-02-04
COMP_01836,Water leakage reported at Indiranagar,water,BWSSB,High,12.91573253,77.65378826,Pending,00:39:18,2023-03-15
COMP_01837,Waste scattered on road at Whitefield,garbage,BBMP Sanitation,High,12.94364281,77.64483087,In Progress,05:32:38,2021-12-13
COMP_01838,Road surface damaged at MG Road,roads,BBMP Roads,Medium,12.94117521,77.68537094,In Progress,14:16:59,2025-01-01
COMP_01839,Power outage in MG Road for 9 days,electricity,BESCOM,High,13.02781483,77.5028504,In Progress,15:31:55,2022-01-27
COMP_01840,Waste scattered on road at Indiranagar,garbage,BBMP Sanitation,Medium,12.93812948,77.62531537,Pending,11:16:16,2026-08-11
COMP_01841,Illegal garbage dumping near Yelahanka,garbage,BBMP Sanitation,High,12.98648764,77.64631583,Pending,20:27:08,2021-10-26
COMP_01842,Multiple cracks on road at Jayanagar,roads,BBMP Roads,Medium,12.95011945,77.51333941,In Progress,07:02:24,2025-04-29
COMP_01843,Illegal garbage dumping near Malleshwaram,garbage,BBMP Sanitation,High,13.03890453,77.5328586,In Progress,13:41:29,2025-08-02
COMP_01844,Road surface damaged at MG Road,roads,BBMP Roads,Medium,12.88068036,77.6107453,In Progress,06:48:17,2024-03-29
COMP_01845,Pothole near bus stop at Whitefield,roads,BBMP Roads,High,13.04501884,77.62256156,In Progress,19:34:54,2024-11-03
COMP_01846,Multiple cracks on road at MG Road,roads,BBMP Roads,Medium,12.98632734,77.5169537,In Progress,08:31:05,2022-09-07
COMP_01847,Broken water pipe flooding street at Koramangala,water,BWSSB,Critical,13.02582893,77.57013635,In Progress,23:47:38,2024-05-20
COMP_01848,Transformer issue reported at Yelahanka,electricity,BESCOM,High,12.93137704,77.55899956,Pending,17:18:32,2023-04-23
COMP_01849,Transformer issue reported at BTM Layout,electricity,BESCOM,Critical,12.87537097,77.49616878,Pending,17:49:59,2023-07-04
COMP_01850,Broken water pipe flooding street at Jayanagar,water,BWSSB,Critical,13.01294928,77.66839447,In Progress,05:01:17,2023-09-07
COMP_01851,Water leakage reported at BTM Layout,water,BWSSB,Critical,13.01253815,77.67799914,In Progress,10:47:19,2020-05-11
COMP_01852,Overflowing dustbin at Jayanagar,garbage,BBMP Sanitation,Medium,13.01557054,77.56059793,In Progress,15:53:29,2020-04-30
COMP_01853,Street lights not working at BTM Layout,electricity,BESCOM,Critical,12.94300909,77.52839686,Pending,02:36:19,2022-04-08
COMP_01854,Power outage in BTM Layout for 6 days,electricity,BESCOM,Critical,13.068997,77.66609267,Pending,09:52:36,2024-09-13
COMP_01855,Water contamination issue at Malleshwaram,water,BWSSB,High,12.88455607,77.51421336,In Progress,21:25:00,2024-07-12
COMP_01856,Illegal garbage dumping near Yelahanka,garbage,BBMP Sanitation,High,12.94334138,77.64251328,Pending,22:26:38,2026-02-21
COMP_01857,Power outage in Koramangala for 1 days,electricity,BESCOM,High,12.97436329,77.52321617,In Progress,00:11:55,2021-02-04
COMP_01858,Illegal garbage dumping near MG Road,garbage,BBMP Sanitation,High,12.96558404,77.60289001,Pending,08:10:00,2026-04-22
COMP_01859,Water contamination issue at BTM Layout,water,BWSSB,Critical,12.97775153,77.62525467,In Progress,09:43:49,2026-10-18
COMP_01860,Power outage in Malleshwaram for 9 days,electricity,BESCOM,Critical,12.8960164,77.52717618,In Progress,04:31:38,2022-05-08
COMP_01861,Large pothole near Indiranagar causing traffic issues,roads,BBMP Roads,High,12.94094241,77.63278363,In Progress,02:30:24,2022-11-22
COMP_01862,Illegal garbage dumping near Malleshwaram,garbage,BBMP Sanitation,High,13.06107276,77.64079781,In Progress,12:50:16,2022-03-14
COMP_01863,Transformer issue reported at Koramangala,electricity,BESCOM,High,13.06178781,77.63884,In Progress,00:20:55,2026-02-23
COMP_01864,Water leakage reported at Malleshwaram,water,BWSSB,Critical,12.98856347,77.68492086,In Progress,19:20:36,2022-12-16
COMP_01865,No water supply in Yelahanka since 10 days,water,BWSSB,High,13.03807587,77.50311595,Pending,16:09:08,2025-07-22
COMP_01866,Multiple cracks on road at Jayanagar,roads,BBMP Roads,Medium,12.97624978,77.69166802,Pending,18:54:44,2023-06-07
COMP_01867,Garbage not collected at Indiranagar for 9 days,garbage,BBMP Sanitation,High,13.01984007,77.66871539,In Progress,15:54:33,2024-04-25
COMP_01868,Waste scattered on road at Yelahanka,garbage,BBMP Sanitation,High,12.9326266,77.54842372,Pending,20:28:26,2025-04-14
COMP_01869,Power outage in Whitefield for 5 days,electricity,BESCOM,High,12.87359339,77.63840603,In Progress,14:24:17,2020-02-06
COMP_01870,Transformer issue reported at Indiranagar,electricity,BESCOM,Critical,12.90667875,77.61356158,Pending,10:47:56,2025-05-30
COMP_01871,Broken water pipe flooding street at Indiranagar,water,BWSSB,Critical,13.00907361,77.59040759,In Progress,17:39:33,2024-09-06
COMP_01872,Transformer issue reported at Yelahanka,electricity,BESCOM,Critical,13.06715848,77.67749841,In Progress,22:11:54,2020-05-15
COMP_01873,Large pothole near Yelahanka causing traffic issues,roads,BBMP Roads,High,12.9209955,77.54277068,In Progress,01:12:30,2021-10-02
COMP_01874,Power outage in BTM Layout for 9 days,electricity,BESCOM,Critical,13.01004161,77.50266043,In Progress,04:30:50,2022-03-17
COMP_01875,Multiple cracks on road at Koramangala,roads,BBMP Roads,High,13.01107521,77.50353945,Pending,04:15:22,2023-01-31
COMP_01876,Large pothole near Koramangala causing traffic issues,roads,BBMP Roads,Medium,12.97762529,77.61807651,In Progress,07:02:54,2023-11-26
COMP_01877,Large pothole near Yelahanka causing traffic issues,roads,BBMP Roads,High,12.94348361,77.51891196,Pending,20:57:39,2020-08-20
COMP_01878,Waste scattered on road at MG Road,garbage,BBMP Sanitation,Medium,12.96822096,77.63876977,In Progress,19:07:11,2026-07-30
COMP_01879,Illegal garbage dumping near Malleshwaram,garbage,BBMP Sanitation,High,12.91376799,77.5943135,In Progress,12:29:56,2020-12-07
COMP_01880,Electric pole damaged near BTM Layout,electricity,BESCOM,High,12.92936803,77.57540847,In Progress,23:09:31,2022-01-07
COMP_01881,Garbage not collected at Malleshwaram for 4 days,garbage,BBMP Sanitation,High,12.96584439,77.59216168,Pending,17:11:41,2021-08-01
COMP_01882,Transformer issue reported at Jayanagar,electricity,BESCOM,High,12.9822675,77.5816489,Pending,13:56:24,2021-08-01
COMP_01883,No water supply in Koramangala since 9 days,water,BWSSB,Critical,12.883568,77.56856284,Pending,13:18:48,2025-01-12
COMP_01884,Road surface damaged at Whitefield,roads,BBMP Roads,Medium,12.87748951,77.63240258,Pending,04:47:31,2026-02-11
COMP_01885,Multiple cracks on road at MG Road,roads,BBMP Roads,Medium,13.04551089,77.68875725,Pending,20:30:13,2023-03-25
COMP_01886,Broken water pipe flooding street at BTM Layout,water,BWSSB,High,12.93037952,77.69439908,Pending,13:36:31,2020-10-12
COMP_01887,Waste scattered on road at Koramangala,garbage,BBMP Sanitation,High,13.02835163,77.50688526,In Progress,20:14:27,2026-11-18
COMP_01888,Broken water pipe flooding street at Koramangala,water,BWSSB,High,12.91190076,77.6367288,Pending,17:41:05,2025-05-28
COMP_01889,No water supply in Jayanagar since 9 days,water,BWSSB,Critical,12.93257749,77.51895297,Pending,23:25:18,2025-08-06
COMP_01890,Large pothole near Yelahanka causing traffic issues,roads,BBMP Roads,Medium,13.04201712,77.57762166,Pending,09:14:21,2023-05-25
COMP_01891,Pothole near bus stop at MG Road,roads,BBMP Roads,High,12.97257066,77.64636048,In Progress,18:37:29,2020-07-22
COMP_01892,Overflowing dustbin at Koramangala,garbage,BBMP Sanitation,Medium,12.92478806,77.54964367,In Progress,13:36:54,2022-01-28
COMP_01893,Garbage not collected at MG Road for 6 days,garbage,BBMP Sanitation,High,12.98579418,77.51394898,In Progress,10:57:16,2021-11-17
COMP_01894,Electric pole damaged near Indiranagar,electricity,BESCOM,Critical,12.94171066,77.54341652,Pending,10:03:39,2021-03-03
COMP_01895,Multiple cracks on road at Indiranagar,roads,BBMP Roads,High,12.95667411,77.61720991,In Progress,17:48:31,2021-06-15
COMP_01896,Transformer issue reported at MG Road,electricity,BESCOM,Critical,12.93982712,77.58805145,In Progress,08:12:58,2024-09-09
COMP_01897,Transformer issue reported at Malleshwaram,electricity,BESCOM,Critical,12.95533759,77.52451597,In Progress,19:57:35,2025-07-27
COMP_01898,Street lights not working at Indiranagar,electricity,BESCOM,High,12.94186213,77.62970249,In Progress,03:39:05,2024-09-30
COMP_01899,Water contamination issue at Whitefield,water,BWSSB,High,13.00903441,77.5272235,Pending,03:09:26,2021-02-28
COMP_01900,Illegal garbage dumping near MG Road,garbage,BBMP Sanitation,High,13.04391576,77.51849977,Pending,01:29:29,2025-02-24
COMP_01901,Illegal garbage dumping near Malleshwaram,garbage,BBMP Sanitation,Medium,12.89734891,77.53528062,In Progress,03:14:32,2021-03-29
COMP_01902,Power outage in Indiranagar for 2 days,electricity,BESCOM,High,12.90451257,77.68687279,Pending,14:13:16,2022-05-23
COMP_01903,Overflowing dustbin at BTM Layout,garbage,BBMP Sanitation,Medium,12.90267839,77.58858569,Pending,12:06:30,2023-10-22
COMP_01904,Broken water pipe flooding street at Yelahanka,water,BWSSB,Critical,12.98084817,77.510641,Pending,14:22:03,2024-05-01
COMP_01905,Overflowing dustbin at BTM Layout,garbage,BBMP Sanitation,Medium,13.0508178,77.51473887,Pending,08:38:29,2025-08-02
COMP_01906,Large pothole near BTM Layout causing traffic issues,roads,BBMP Roads,High,12.89933236,77.58803437,In Progress,20:51:43,2025-04-05
COMP_01907,Large pothole near Koramangala causing traffic issues,roads,BBMP Roads,Medium,12.97904746,77.59553912,In Progress,07:31:09,2021-08-05
COMP_01908,Street lights not working at Whitefield,electricity,BESCOM,Critical,13.05675309,77.6256018,Pending,09:00:55,2020-07-22
COMP_01909,Pothole near bus stop at Jayanagar,roads,BBMP Roads,High,12.95599628,77.52880455,In Progress,23:43:31,2021-03-24
COMP_01910,Overflowing dustbin at Malleshwaram,garbage,BBMP Sanitation,High,12.95155061,77.67015294,Pending,04:59:09,2025-03-21
COMP_01911,Transformer issue reported at Indiranagar,electricity,BESCOM,Critical,13.0125233,77.68804436,Pending,22:08:18,2025-02-06
COMP_01912,Water leakage reported at BTM Layout,water,BWSSB,High,12.87248071,77.58490565,Pending,11:46:44,2022-09-07
COMP_01913,Transformer issue reported at Indiranagar,electricity,BESCOM,Critical,13.05190738,77.68386699,In Progress,06:00:51,2026-10-26
COMP_01914,Electric pole damaged near MG Road,electricity,BESCOM,Critical,13.06486088,77.64355745,In Progress,13:50:49,2022-02-08
COMP_01915,Water contamination issue at MG Road,water,BWSSB,Critical,12.87173694,77.5270614,In Progress,01:01:42,2024-02-19
COMP_01916,Transformer issue reported at MG Road,electricity,BESCOM,Critical,12.951868,77.59790519,Pending,05:54:29,2023-08-15
COMP_01917,Water leakage reported at Koramangala,water,BWSSB,High,12.92735913,77.56258524,Pending,14:12:16,2020-07-22
COMP_01918,Water leakage reported at MG Road,water,BWSSB,Critical,12.97294294,77.63254868,In Progress,00:32:18,2021-08-15
COMP_01919,Road surface damaged at MG Road,roads,BBMP Roads,Medium,12.91868253,77.59692682,Pending,14:47:01,2021-12-29
COMP_01920,Road surface damaged at Yelahanka,roads,BBMP Roads,High,13.04893038,77.55152822,Pending,09:12:11,2020-07-22
COMP_01921,Large pothole near MG Road causing traffic issues,roads,BBMP Roads,High,13.03791777,77.56228218,Pending,07:53:37,2022-11-04
COMP_01922,Illegal garbage dumping near MG Road,garbage,BBMP Sanitation,Medium,12.98196012,77.60481557,In Progress,09:09:21,2023-04-07
COMP_01923,Multiple cracks on road at Yelahanka,roads,BBMP Roads,Medium,12.90153167,77.68903352,Pending,00:04:01,2026-02-13
COMP_01924,Illegal garbage dumping near Indiranagar,garbage,BBMP Sanitation,High,12.88884271,77.50408459,Pending,14:07:22,2023-09-25
COMP_01925,Pothole near bus stop at Yelahanka,roads,BBMP Roads,High,12.87859492,77.57803359,In Progress,02:32:31,2025-05-03
COMP_01926,Street lights not working at Malleshwaram,electricity,BESCOM,Critical,13.06270215,77.56624371,Pending,05:55:11,2026-06-24
COMP_01927,Water leakage reported at Indiranagar,water,BWSSB,High,13.02245185,77.52107011,In Progress,16:50:58,2022-05-25
COMP_01928,Power outage in Indiranagar for 2 days,electricity,BESCOM,High,12.93664143,77.56632977,In Progress,11:19:02,2026-01-06
COMP_01929,Overflowing dustbin at BTM Layout,garbage,BBMP Sanitation,Medium,13.06188192,77.64559342,Pending,04:54:24,2020-06-26
COMP_01930,Multiple cracks on road at Koramangala,roads,BBMP Roads,High,12.92202128,77.65788552,In Progress,21:11:49,2023-04-11
COMP_01931,Garbage not collected at Indiranagar for 9 days,garbage,BBMP Sanitation,Medium,13.05458097,77.63431272,In Progress,07:23:39,2020-07-26
COMP_01932,Multiple cracks on road at Malleshwaram,roads,BBMP Roads,High,12.94188677,77.52015456,In Progress,14:33:31,2024-07-16
COMP_01933,No water supply in Whitefield since 8 days,water,BWSSB,Critical,12.9349818,77.6814368,In Progress,06:52:53,2026-09-17
COMP_01934,Power outage in Whitefield for 9 days,electricity,BESCOM,High,12.98244754,77.67069727,Pending,11:51:06,2025-06-19
COMP_01935,Power outage in MG Road for 6 days,electricity,BESCOM,Critical,12.93705372,77.5051766,In Progress,09:27:22,2020-10-03
COMP_01936,Road surface damaged at Jayanagar,roads,BBMP Roads,Medium,13.03892845,77.61763989,In Progress,02:24:55,2025-02-02
COMP_01937,Garbage not collected at Whitefield for 8 days,garbage,BBMP Sanitation,Medium,12.99907613,77.60966236,In Progress,14:01:17,2026-05-15
COMP_01938,Water leakage reported at Koramangala,water,BWSSB,High,12.94523812,77.50841443,Pending,13:31:51,2024-10-07
COMP_01939,Waste scattered on road at MG Road,garbage,BBMP Sanitation,High,12.92543538,77.63745387,In Progress,00:49:50,2025-10-18
COMP_01940,Illegal garbage dumping near Indiranagar,garbage,BBMP Sanitation,High,12.95230007,77.61738346,Pending,03:50:28,2021-07-10
COMP_01941,Street lights not working at Koramangala,electricity,BESCOM,Critical,12.90144233,77.60500681,In Progress,15:02:50,2025-11-22
COMP_01942,Pothole near bus stop at Jayanagar,roads,BBMP Roads,Medium,12.97783249,77.6123428,In Progress,08:17:02,2024-03-10
COMP_01943,Transformer issue reported at BTM Layout,electricity,BESCOM,High,12.91386578,77.52368302,Pending,14:20:24,2022-04-14
COMP_01944,Pothole near bus stop at BTM Layout,roads,BBMP Roads,High,13.01031672,77.67148394,In Progress,08:57:36,2021-10-08
COMP_01945,Broken water pipe flooding street at Malleshwaram,water,BWSSB,High,12.87804862,77.61201284,In Progress,21:43:11,2025-06-03
COMP_01946,Power outage in MG Road for 1 days,electricity,BESCOM,High,12.98847584,77.60740745,Pending,00:22:02,2026-11-17
COMP_01947,Water contamination issue at Yelahanka,water,BWSSB,High,12.95036611,77.69215655,Pending,06:12:15,2023-09-05
COMP_01948,Multiple cracks on road at BTM Layout,roads,BBMP Roads,Medium,13.04717773,77.67324473,In Progress,19:57:18,2020-03-28
COMP_01949,No water supply in Koramangala since 3 days,water,BWSSB,Critical,12.94736612,77.57574449,In Progress,18:48:40,2023-07-16
COMP_01950,Multiple cracks on road at Jayanagar,roads,BBMP Roads,Medium,12.93220203,77.6805084,Pending,17:57:17,2021-04-26
COMP_01951,Transformer issue reported at Malleshwaram,electricity,BESCOM,High,13.04352407,77.5307538,Pending,05:47:08,2025-03-20
COMP_01952,Water contamination issue at Koramangala,water,BWSSB,High,13.02944067,77.69266124,Pending,04:56:39,2023-07-12
COMP_01953,Transformer issue reported at Whitefield,electricity,BESCOM,High,12.94422143,77.52431405,Pending,09:46:50,2023-11-12
COMP_01954,No water supply in Yelahanka since 7 days,water,BWSSB,High,12.98386684,77.66241585,Pending,10:24:29,2022-07-24
COMP_01955,Water contamination issue at MG Road,water,BWSSB,High,12.88220392,77.58146541,Pending,08:05:24,2022-12-01
COMP_01956,Illegal garbage dumping near Koramangala,garbage,BBMP Sanitation,Medium,12.88881353,77.53893638,In Progress,21:57:51,2026-02-21
COMP_01957,Waste scattered on road at Whitefield,garbage,BBMP Sanitation,Medium,13.03242718,77.65052601,Pending,14:24:09,2026-04-22
COMP_01958,Broken water pipe flooding street at Koramangala,water,BWSSB,Critical,13.05459708,77.5484195,Pending,18:42:59,2021-10-03
COMP_01959,Illegal garbage dumping near Malleshwaram,garbage,BBMP Sanitation,High,13.00657759,77.65759643,Pending,12:49:45,2024-10-11
COMP_01960,Multiple cracks on road at Jayanagar,roads,BBMP Roads,Medium,13.04754965,77.61998584,In Progress,03:42:54,2023-01-17
COMP_01961,Water contamination issue at Koramangala,water,BWSSB,High,13.0526984,77.5642246,Pending,03:31:40,2023-05-12
COMP_01962,Transformer issue reported at Indiranagar,electricity,BESCOM,High,13.05193393,77.51635179,Pending,14:57:52,2021-06-27
COMP_01963,Large pothole near BTM Layout causing traffic issues,roads,BBMP Roads,High,12.87906483,77.52083944,In Progress,09:40:47,2020-06-20
COMP_01964,Water leakage reported at Jayanagar,water,BWSSB,High,12.91726827,77.52635213,In Progress,22:18:41,2020-04-28
COMP_01965,Water leakage reported at BTM Layout,water,BWSSB,Critical,12.97181791,77.64135355,In Progress,19:57:47,2024-02-24
COMP_01966,Water leakage reported at Whitefield,water,BWSSB,Critical,12.92891118,77.67673723,In Progress,16:33:30,2020-07-19
COMP_01967,Large pothole near Whitefield causing traffic issues,roads,BBMP Roads,High,12.97765305,77.60377878,Pending,09:46:21,2025-05-25
COMP_01968,Power outage in Whitefield for 2 days,electricity,BESCOM,Critical,13.02693008,77.61004231,In Progress,04:08:01,2021-02-12
COMP_01969,Multiple cracks on road at Jayanagar,roads,BBMP Roads,Medium,12.90036628,77.66724318,In Progress,03:49:34,2022-05-27
COMP_01970,Street lights not working at Yelahanka,electricity,BESCOM,High,12.92593945,77.61294857,In Progress,01:18:25,2022-09-11
COMP_01971,Water leakage reported at Indiranagar,water,BWSSB,Critical,12.88111836,77.54219626,In Progress,00:13:20,2022-12-16
COMP_01972,Multiple cracks on road at Jayanagar,roads,BBMP Roads,Medium,13.05959707,77.60597657,Pending,23:43:47,2024-11-28
COMP_01973,No water supply in Whitefield since 7 days,water,BWSSB,High,13.06430781,77.69249372,In Progress,00:13:24,2020-12-16
COMP_01974,Road surface damaged at Whitefield,roads,BBMP Roads,High,12.95823782,77.6099293,In Progress,03:26:23,2020-04-16
COMP_01975,Large pothole near Jayanagar causing traffic issues,roads,BBMP Roads,High,12.97696034,77.5907883,Pending,21:31:03,2023-04-23
COMP_01976,Pothole near bus stop at Indiranagar,roads,BBMP Roads,Medium,12.9237635,77.49871249,Pending,11:31:26,2021-09-24
COMP_01977,Waste scattered on road at Yelahanka,garbage,BBMP Sanitation,High,12.96005294,77.66725885,Pending,00:05:26,2021-04-21
COMP_01978,Power outage in Indiranagar for 8 days,electricity,BESCOM,High,13.04788569,77.56327691,In Progress,02:25:24,2025-05-18
COMP_01979,Large pothole near Jayanagar causing traffic issues,roads,BBMP Roads,High,12.9077807,77.60256582,In Progress,16:26:09,2023-04-21
COMP_01980,Overflowing dustbin at Koramangala,garbage,BBMP Sanitation,High,12.91501557,77.50637488,Pending,04:18:34,2026-11-09
COMP_01981,Road surface damaged at Whitefield,roads,BBMP Roads,Medium,12.97667659,77.5774391,Pending,10:32:17,2022-10-05
COMP_01982,Pothole near bus stop at MG Road,roads,BBMP Roads,Medium,12.97429697,77.52368335,Pending,21:42:53,2025-04-02
COMP_01983,Pothole near bus stop at Whitefield,roads,BBMP Roads,High,13.00164958,77.61349624,Pending,03:50:52,2020-09-08
COMP_01984,Illegal garbage dumping near Jayanagar,garbage,BBMP Sanitation,High,13.01824095,77.64601486,Pending,02:08:28,2025-08-24
COMP_01985,Overflowing dustbin at Yelahanka,garbage,BBMP Sanitation,Medium,12.94355963,77.65549573,In Progress,02:51:54,2024-12-13
COMP_01986,Water contamination issue at MG Road,water,BWSSB,Critical,13.04941128,77.56113012,In Progress,21:31:15,2020-05-01
COMP_01987,Road surface damaged at BTM Layout,roads,BBMP Roads,High,12.91298975,77.67004548,In Progress,04:59:17,2023-05-25
COMP_01988,Electric pole damaged near MG Road,electricity,BESCOM,Critical,13.01456323,77.62048568,In Progress,19:10:09,2025-04-13
COMP_01989,Illegal garbage dumping near Indiranagar,garbage,BBMP Sanitation,Medium,12.9976251,77.51097366,In Progress,19:26:54,2021-04-18
COMP_01990,Waste scattered on road at Whitefield,garbage,BBMP Sanitation,Medium,12.9778018,77.61067225,In Progress,05:52:28,2026-04-23
COMP_01991,Garbage not collected at BTM Layout for 9 days,garbage,BBMP Sanitation,Medium,12.87694182,77.5748466,In Progress,16:04:40,2023-07-17
COMP_01992,Multiple cracks on road at Malleshwaram,roads,BBMP Roads,High,12.94227233,77.53260765,In Progress,03:57:04,2020-03-19
COMP_01993,Power outage in Indiranagar for 9 days,electricity,BESCOM,Critical,12.93294609,77.52670968,Pending,16:14:07,2020-09-16
COMP_01994,Garbage not collected at Yelahanka for 10 days,garbage,BBMP Sanitation,High,12.91306169,77.58505421,Pending,17:01:15,2026-11-04
COMP_01995,Illegal garbage dumping near MG Road,garbage,BBMP Sanitation,High,12.88207562,77.69095958,In Progress,04:38:01,2026-06-24
COMP_01996,Overflowing dustbin at BTM Layout,garbage,BBMP Sanitation,High,12.90610002,77.53091266,Pending,10:19:00,2022-08-16
COMP_01997,Transformer issue reported at BTM Layout,electricity,BESCOM,Critical,12.88146832,77.64923407,In Progress,01:25:14,2026-05-12
COMP_01998,Large pothole near Malleshwaram causing traffic issues,roads,BBMP Roads,Medium,12.99322158,77.53217427,Pending,08:28:20,2026-02-24
COMP_01999,Garbage not collected at Koramangala for 5 days,garbage,BBMP Sanitation,Medium,13.04753939,77.63212401,In Progress,10:19:10,2020-12-24
COMP_02000,Multiple cracks on road at Malleshwaram,roads,BBMP Roads,High,12.92921607,77.58970643,In Progress,05:13:18,2023-03-09
